"","Astrocytes","Excitatory.Neurons","Inhibitory.Neurons","Microglia","Oligodendrocytes","OPC"
"MA0069.1",1.38440927534972,0.642146077696254,0.539796515839814,0.288868457576249,0.615800410964572,0.99705464424309
"MA0071.1",2.94026187538457,-0.000941023470045778,0.590773714480948,0.196701702329768,0.470543282152451,0.446909031867726
"MA0074.1",1.38864578836814,-0.0129435901364843,0.763387081274194,1.34142571259317,0.569031601706599,0.312616652165641
"MA0107.1",2.10729079352303,0.584094219929585,0.19913820280157,1.35816720779546,0.421755763056078,0.890469153078684
"MA0115.1",0.786171721784574,-0.249634839111632,0.313616796257323,0.911093453991579,0.855225336404795,0.0167775826743091
"MA0119.1",10.554126453415,-0.314519240040245,0.832241696377375,-0.509291410356013,0.363836509802333,0.774927517648346
"MA0149.1",1.99471193815695,0.99394230506275,0.269483761781601,0.67566762036789,0.162420160645653,1.64328950240846
"MA0155.1",1.30272187865467,0.0136759732665771,0.136196142704514,0.0402068784779812,0.609138472457772,-0.0198915513713166
"MA0159.1",0.438037061038609,-0.261388606649958,0.24871097400086,0.462097034719277,0.776597371804117,-0.0935600387805242
"MA0163.1",0.383964356463127,-0.127502974149856,0.0454560143134371,0.135498718674264,0.507715650200502,-0.140518601037316
"MA0468.1",0.657392823316566,0.699112640230834,2.08630978265452,0.897490987826968,0.51419677940125,1.05163373666837
"MA0258.2",0.69250306101909,-0.204090776100705,0.346172225336401,-0.288825478230637,0.952907769800512,-0.334819550368898
"MA0595.1",-0.21900367474088,0.205037255434398,0.43149750194687,-0.035712167903675,1.25375997492402,-0.0829855466729963
"MA0596.1",-0.376163790235236,-0.230644316449497,0.841746327967404,0.130615871257752,1.20647698612801,-0.214117674786737
"MA0599.1",0.349431976883463,0.40613626000848,-0.0114993752077449,0.815738834152555,0.133609481565701,-0.182911508148244
"MA0613.1",-0.272083091385761,-0.00990603705294958,0.595697780893238,-0.140291827853634,1.13661659913477,0.0633605808463795
"MA0636.1",2.94146900752522,1.11365298033362,0.807095603871165,1.01996994034721,0.543344638733768,0.448687473364017
"MA0641.1",2.50107133288801,3.49989720859444,5.72175926841948,192.535516637158,-0.240114466198179,0.401721904143611
"MA0042.2",0.308114781101457,-0.177135365893839,0.599642598434025,0.0767745229909785,0.966180334574122,0.419278144346068
"MA0033.2",0.308114781101457,-0.177135365893839,0.599642598434025,0.0767745229909785,0.966180334574122,0.419278144346068
"MA0153.2",0.915016223977646,0.780730434963775,1.28957673943834,0.761676840440831,0.519980147239467,1.67992989525837
"MA0486.2",2.70203099367142,1.16317848948503,0.703032323122265,1.20747167807411,0.337275215984909,0.85259706292596
"MA0653.1",1.43155905460857,1.28902560460366,0.588330244808935,34.9593578658622,0.0526155874216211,1.34300535793859
"MA0655.1",8.04594910241459,11.5110462894534,0.778486792107217,1.39481901101718,0.837829923209107,-0.046907395597063
"MA0660.1",0.310402236181806,0.735292311706064,0.869183351831514,5.31507506652221,0.568528960363493,-0.0424695807968901
"MA0663.1",2.84743828986802,0.451376755137075,0.71301595755713,2.85389199761233,0.499851843326351,0.06785839627761
"MA0665.1",-0.413979232647787,0.76029177118886,0.715799303293948,-0.40186886251439,1.25736204074725,1.66275402402164
"MA0667.1",-0.313471874500521,1.32765857732474,1.2320797985645,-0.159830313485648,1.17654314231933,0.89393716708262
"MA0669.1",-0.248342740638113,1.19243360795688,1.08587565458433,0.296889186556083,1.11732698287928,0.513872090700388
"MA0678.1",-0.0563813429176809,4.43543753691495,0.881333724408262,1.26790834399944,0.828196682217062,0.865708273930841
"MA0068.2",20.8031090847049,0.739205220027483,0.995381015330511,-0.295924806250251,0.195803850764302,3.37545621111976
"MA0083.3",0.220780065394122,0.20664441819725,1.03198307791629,0.982494093437963,0.710163225358931,0.362156627002894
"MA0009.2",0.250171769372422,1.51668306756424,0.263377920150078,0.12916577803598,1.06330271496244,0.463986015971185
"MA0689.1",0.0412107636612139,1.37923626802418,0.471012667486689,1.21211929549273,0.860820801221297,0.339339710554978
"MA0691.1",-0.233874511867508,0.91113525968595,0.623189980129852,-0.331200932147587,1.13871526489684,0.847793121444121
"MA0696.1",0.157409309236206,0.489365525978252,0.237632429394771,0.341687491585633,0.656044319031685,0.209563644766407
"MA0713.1",2.16838049950399,1.02586970375808,0.870343192730292,0.252935760116828,0.410202724924146,1.92558176703652
"MA0715.1",1.30981561847875,0.878195273750975,0.611825896554204,0.630524684061677,0.518005010180957,2.13007869146636
"MA0724.1",2.55978138899244,0.580184238981493,1.03123074831361,1.20962119883179,0.541540185108812,1.33517760940681
"MA0729.1",-0.211916453516734,-0.383921010123217,0.156539425552192,0.863360957924389,1.10011821899129,-0.392897052030011
"MA0730.1",0.547709626113182,-0.146762541754987,0.309298015775915,-0.0140373040279552,0.82474786976727,-0.099315179306022
"MA0731.1",2.41213329473566,1.16147712514598,0.244343713441613,0.331175535602239,0.433586627702489,1.38499066572504
"MA0472.2",0.710617975865345,2.65664562209556,0.694501330502316,4.26740289014405,0.20056290558209,1.18489574456863
"MA0736.1",0.422239769574131,0.332555011934096,-0.0849260502764799,0.203211570699494,0.633145192967114,0.197148218799017
"MA0737.1",0.592181694987076,-0.0237756459992689,0.490077029285275,0.0857146592414199,0.881400088738051,0.0077390388918167
"MA0741.1",1.20547986535271,0.673267104626916,0.201154180756574,1.82925330562998,0.0325357883249102,0.00747092001556659
"MA0088.2",1.28626036499185,0.500483326181341,0.270316425951157,0.362464216921778,0.549947402168841,0.346664753022883
"MA0758.1",4.82117722045737,2.41894622101327,1.3668613645683,1.65000714782635,0.139780667318958,0.855153378217137
"MA0770.1",3.06661388928031,0.971968346805481,0.245850000379306,1.20294092638552,0.493669908407035,0.310993266300455
"MA0771.1",3.49363954494064,1.09403021613275,0.586958501545425,2.04296637691916,0.358033839643249,0.63575585443054
"MA0773.1",0.617478210916227,0.487962280762813,1.7512029244373,4.40850036481481,0.495466764778553,-0.0545380674391759
"MA0774.1",0.0277837186850336,2.01454608429518,0.415606192645733,0.00461758044975467,1.08727339106919,0.434261651400597
"MA0776.1",0.983746041654882,0.571168259822976,1.32917590811948,2.74331867851737,0.612903405700046,1.33903903455688
"MA0777.1",2.02945607327182,1.7444507224125,0.278398912359902,1.6131772866043,0.494181345988546,0.913249162302657
"MA0105.4",-0.106413435083726,0.00160432029460226,0.0510398799075713,1.22760101629471,0.920451618100043,-0.0874166692959965
"MA0780.1",2.00329027258091,0.182183616453743,0.330815176456925,0.29906217823615,0.560356930865598,1.26918860315035
"MA0783.1",-0.594064620004415,0.183393935747259,1.09745672043007,-0.350017993089117,1.69147020460011,0.329784337412096
"MA0787.1",4.84069600315522,2.07377370874289,0.563048170695559,0.256860399814371,0.18166184833318,1.79471072130282
"MA0788.1",4.36426100309909,2.01314118799278,0.811081622859733,0.36475806477283,0.207772222833425,2.48474866311545
"MA0789.1",3.90224789314498,2.82659345995436,0.888271950050202,0.0563071817983371,0.325614379863758,1.71003525444231
"MA0792.1",3.3380278055262,2.21622944428657,1.22333594393831,0.15989665551182,0.300801417466616,1.83370806431643
"MA0794.1",0.637936681896984,0.838841690151289,0.341987478012192,2.01083048621182,0.548983473809074,1.05893861517634
"MA0795.1",0.697189041250682,2.16748218515504,0.6098532844702,1.41077641751009,0.68980642870348,1.4837725673277
"MA0796.1",-0.363363252911957,0.187171034549751,0.655568433131896,0.202767185998037,1.297188008025,-0.0133827418149586
"MA0797.1",-0.443886294359868,0.538332471900015,0.606914243819323,-0.0766156806200406,1.57478654798554,0.0201229314265178
"MA0511.2",0.910078728647099,0.560054953215578,0.493590233126818,3.73533362225005,0.376267957904867,0.731533203206771
"MA0801.1",-0.198380787900418,0.248685407556403,0.10365327924586,0.517264316515361,1.19034627566188,0.0141608338750215
"MA0803.1",-0.198380787900418,0.248685407556403,0.10365327924586,0.517264316515361,1.19034627566188,0.0141608338750215
"MA0805.1",-0.261487083577426,0.457120834955857,0.430901893009396,1.06549571214499,1.12529551600103,0.0925334143520687
"MA0806.1",-0.321611660355273,0.30691450674409,0.470493179683571,0.787336166431726,1.18744721986327,-0.0510606020516814
"MA0807.1",-0.31490046533869,0.161887851600405,0.520685495923252,0.450323339026464,1.28401350627166,-0.0311596063369216
"MA0808.1",2.55223834225885,0.579868421885639,2.54641111614032,-0.293981752519105,0.50891556619887,0.165740859390833
"MA0813.1",0.364134934653177,0.0165253268515609,0.153852979438059,0.164896999306172,0.548802151750362,0.190117638743251
"MA0815.1",0.351321313667834,0.105007629828761,0.110255355710534,0.350564805552159,0.544473265217521,0.300336981068326
"MA0822.1",0.490094025782843,0.728704604476689,0.631695788210944,0.17786460894575,0.809950455555112,0.348708835004641
"MA0823.1",0.700671365799761,0.957281670268791,0.593216197157677,0.406811345446075,0.994675761489273,0.457674244362476
"MA0826.1",-0.0584772542618548,4.24784902300747,0.62931199456158,0.835995909469624,0.930753194000727,0.927917060312142
"MA0827.1",-0.048240728613817,4.05287296250592,0.859223156294819,1.22680218412239,0.790058090312147,0.687064900553425
"MA0838.1",0.346895570724391,0.895552623057296,0.718043760551449,8.58032937152353,0.46199837482241,0.672550790038199
"MA0845.1",0.0531842822458041,0.513273531518645,0.768398164623621,1.15169832047995,0.691887604651902,0.883321216345587
"MA0032.2",0.49931587115132,0.754529168362997,0.546327096469893,1.46965694742086,0.490678241870195,0.741545636006292
"MA0848.1",0.308114781101457,-0.177135365893839,0.599642598434025,0.0767745229909785,0.966180334574122,0.419278144346068
"MA0849.1",0.308114781101457,-0.177135365893839,0.599642598434025,0.0767745229909785,0.966180334574122,0.419278144346068
"MA0850.1",0.308114781101457,-0.177135365893839,0.599642598434025,0.0767745229909785,0.966180334574122,0.419278144346068
"MA0855.1",0.561497307040883,0.0394833274986771,0.626847062476931,1.71171356485517,0.665222383189765,-0.142475186657342
"MA0856.1",0.560490397321311,0.0154387395817001,0.606808386471128,2.08486313368499,0.63081232238112,-0.102725221333268
"MA0525.2",0.62886050666058,0.919115050218039,0.729017058429002,1.72874349578762,0.740388785905301,0.520501788544809
"MA0106.3",0.783111115488169,0.160961451610874,0.580232421225942,0.622441002255099,0.651239432412139,0.323523946132979
"MA0862.1",1.90502989507845,2.2376500319905,1.42061445812002,7.55776238737298,0.343459386084526,0.408471352008835
"MA0863.1",0.637473688757831,0.911733890845995,0.618526126216296,0.110189022631913,0.728346470280308,1.05291786939325
"MA0024.3",1.3266077954902,1.27560183643129,2.98970152139033,1.89913494633248,0.388456122515329,0.679560620903225
"MA0866.1",0.494677313575594,0.610579137217792,0.766027457711086,0.0244816838938321,0.837789937413339,0.282257643060335
"MA0872.1",0.685703123283078,0.0798797498848106,0.193055029879882,0.06612532815193,0.57853012497942,0.22467313051571
"MA1124.1",1.68375290666234,0.378077071345079,0.405341450343403,0.0518538558542736,0.442866788777811,1.62781822975875
"MA1155.1",0.378020711950786,1.3993676604101,0.225026283973393,-0.144037683865942,0.815497002744433,1.06101929114937
"MA1127.1",0.262849033695145,1.48863795917492,0.982255506767428,2.46352380915449,0.754767963104972,0.255812431779707
"MA1129.1",0.410736756198653,1.97999756774697,1.48414521214292,2.47246972632908,0.554618644279242,0.35848333662522
"MA1136.1",0.32615271767105,1.72235737151498,1.17946837399224,2.95377020207103,0.565386137942507,0.216714546043468
"MA1420.1",1.61959368065319,0.380985307212457,0.74865488234884,6.91962858142705,0.323791083082707,1.12975655143432
"MA1421.1",1.53914793467863,0.654982466431839,0.677146306501274,-0.00200231074579981,0.58786667903632,0.672244593284415
"MA1468.1",-0.481317606069296,2.33236368941802,1.14955959374105,0.250660563103581,1.1216826587691,0.726760958254414
"MA1485.1",-0.604351220393639,0.0835578791369967,0.461713267154628,-0.473642784140351,1.52290449928503,1.2295020959352
"MA1489.1",0.0540689063253497,0.141506793120289,0.972069337228579,0.385338487300976,0.655302584670089,0.396019940125661
"MA1493.1",0.325401406844043,0.835418651684954,0.649140553512905,1.38158356191924,0.737413507097445,0.757633210244778
"MA1509.1",1.03521193233477,1.3980119374317,1.36057139601769,6.5012554644136,0.371298866457867,1.67595859750611
"MA1538.1",0.840227433299384,0.0147007778541657,0.411656158321029,1.06336847913819,0.632419438700529,0.527978685415488
"MA1539.1",1.35149860287898,0.0832538855646391,0.36725889025181,0.93038249843169,0.644383637867007,0.179131870000449
"MA1555.1",0.430288384327818,-0.154728637330909,0.0981923762931826,2.92472860275038,0.584611922860817,-0.334826465973638
"MA1556.1",0.149187309125708,-0.216374503452335,1.22999289968084,2.06151121281471,0.752414367816333,-0.341288537960403
"MA1557.1",1.13590651975169,1.04824662821561,0.599133712068736,2.55755996855641,0.465264098371551,1.25264113757189
"MA1570.1",-0.151832910736034,2.17537061918607,0.691236666945178,1.02191137483958,0.955452599152404,0.186018091260091
"MA1571.1",-0.443859099077116,0.0588682861538113,0.868725966751585,-0.21000427376124,1.59038449687377,-0.110286284139739
"MA1572.1",-0.415836498795251,0.00260666395356246,0.562868138656756,-0.127101550926521,1.44942894534293,0.151346074177516
"MA1580.1",-0.408666469982658,1.1041156192372,0.538405666810147,0.946105006496491,1.0881842189106,0.146109320578043
"MA1587.1",-0.314135419837482,-0.371268587013804,0.210633419060259,1.27166551576463,0.995957436941178,-0.46586425847094
"MA1588.1",2.49203897638489,1.54167340583913,0.492331679609813,0.0992395762030987,0.479135490244137,0.92043049103204
"MA1594.1",0.0617671099417875,0.480373787451398,0.968279400888098,0.299247907681809,0.832529055124623,0.5461321051602
"MA1596.1",-0.243027991908444,-0.231139868596295,-0.0358512736910397,0.731585405571796,0.356619171336667,-0.0960546043964951
"MA1597.1",2.26979575390736,0.170576992023712,0.93132773736011,0.245611402893485,0.384903353035796,0.567079419773887
"MA0158.2",3.45999176244487,0.953700998077711,1.21006426745809,0.201035882836758,0.478728858028131,1.46166824426918
"MA0912.2",5.15766484127715,1.12246511864928,1.07883045444816,-0.121247488815572,0.355885372886765,1.23410550621044
"MA0623.2",-0.20904603933292,2.16906516757455,0.961747295949079,0.896137375596558,0.886182691562923,1.06535512686898
"MA2093.1",5.11760394976635,0.12687625179321,0.788406311763644,-0.0465016058359153,0.62178237525872,2.04931475661097
"MA2094.1",0.539905558699128,1.33338794625268,0.536405642902634,0.970729078587552,0.661825149057263,0.349015531678802
"MA2096.1",0.346357757061707,0.506437280543086,0.3505656133793,4.46181353639328,0.600114991662862,0.168927478038665
"MA1715.1",0.86323918049143,0.611201698950118,1.01366297561759,0.219106697189149,0.602274492281637,-0.059625946344489
"MA2097.1",1.49162993490369,0.693307895047869,0.457943026787559,0.548180540693237,0.414164563326571,0.745629138071716
"MA2098.1",1.34341059765575,0.982656157553935,1.94324726658614,1.95837802187732,0.37784634062111,0.727073202245384
"MA2099.1",0.31373538494333,-0.14257124074944,0.415681857738975,0.919840747502698,0.550399426104861,0.113428886141663
"MA1718.1",-0.497868373347208,0.381656629007319,0.640896324880863,0.457346724425256,1.22217007166293,0.346806525034264
"MA2100.1",0.260609687640101,0.10164609350029,0.402815357635274,-0.254326953070685,1.04263772650494,0.315148365490279
"MA2101.1",1.08389333975327,0.218509443816517,0.636171044911835,0.467484441079216,0.537413138547326,0.892050356904284
"MA2102.1",0.730690972668721,0.41474564492692,2.05067716624939,1.99016865959369,0.585004886095776,2.48945403539336
"MA1931.1",3.54854249955313,2.8728071117533,2.29532204460202,17.548382456016,0.0128073142414333,0.833291444541254
"MA1957.1",3.16998336907962,1.63814551760807,1.52913663153308,30.8996940586616,0.00254000066867735,0.782106784998595
"MA1962.1",2.02709623214252,0.655135464062105,0.747500865069301,0.290920927810199,0.473465688413733,1.74965308084373
"MA1972.1",0.900315877795263,0.594548872568673,0.387562285242428,0.260134935847375,0.3005095220506,1.17647081020716
"MA1980.1",1.86436067545126,0.68517423046794,0.230458134678324,0.217458277934511,0.450002284194701,0.531587134684922
"MA1985.1",0.616881796742617,1.31716997601531,0.263200110889277,1.09257876065277,0.579212757806128,0.428356678547032
"MA2117.1",0.308114781101457,-0.177135365893839,0.599642598434025,0.0767745229909785,0.966180334574122,0.419278144346068
"MA2118.1",0.469272442978505,-0.21523054134418,0.615686961036744,0.038118280163389,0.976467638077829,0.466196527174259
"MA2119.1",5.11760394976635,0.12687625179321,0.788406311763644,-0.0465016058359153,0.62178237525872,2.04931475661097
"MA2120.1",1.3925637317574,1.01467742648462,0.368873052812976,3.26966801375256,0.282339997057919,2.45989422013205
"MA2121.1",0.14892829361829,-0.492497110578664,-0.158479614077703,-0.325777573971158,0.601705959399165,-0.307948287908486
"MA0079.5",1.53739891293944,1.44792526345983,0.403822159157849,2.03536043330231,-0.147329876656338,0.520480334274991
"MA0509.3",102.915937493623,13.463175832827,6.13621021682999,-0.201888047165888,-0.0151330465314338,2.10579829053762
"MA0516.3",1.31534599963872,1.54799638835787,0.284468457769747,3.07232988044208,-0.16622499912816,0.42170984112842
"MA0607.2",-0.231125176485648,3.02736993970646,0.434422635853848,0.278535088623985,1.02797109870319,1.15576932647229
"MA0685.2",1.16542824622121,0.862476825901799,0.0848318720541744,1.28772256328382,-0.0415163239024735,0.216580058702581
"MA0740.2",0.431683941548355,0.595990115310016,0.0783573699572989,1.42261842832643,0.0221762542360126,0.0966799829971467
"MA0742.2",0.944516813373097,1.3104056970953,0.345664076991866,4.24076299529014,-0.136327284483795,0.328106614978317
"MA0798.3",86.0712621867687,9.37713260037216,7.36270670612518,-0.0724360131284752,-0.048311101020874,2.02884228062005
"MA0818.2",-0.0161850068842992,3.75211299881902,0.519446234681248,0.412370024456416,1.02367566711283,1.15025248247827
"MA0821.2",0.792004345354027,2.15380998565829,0.611275726982922,0.460840379397749,0.853341929642159,0.464285314226491
"MA0831.3",3.68447837668588,0.483845090956335,0.584362191992262,1.92814399846408,0.443741886011615,0.163425060370059
"MA0878.3",0.943283535264641,0.775897320265874,0.5725901079671,0.596573320868554,0.519561647292262,0.827468250732844
"MA0884.2",0.99733893648903,0.79304243109018,0.6599470901333,0.723266691873959,0.613179422096078,1.46016441916837
"MA1511.2",0.879571783505318,0.670690242585128,0.139639168528295,1.96506520381682,-0.0518904344435848,0.0990121376606558
"MA1532.2",-0.0857204304185694,-0.21583150493719,0.365847820039126,0.236033329226626,1.01317830386375,0.35262832048177
"MA1547.2",2.02341975364591,1.02820401685911,0.495614011566954,0.845464105138294,0.43755149127297,0.860895647897319
"MA1563.2",-0.279758753172657,-0.128023739916018,0.281515788601665,-0.526809445256108,1.35627597584199,-0.0552385899284013
"MA1601.2",1.39780267622027,0.577791885399151,0.954279181458454,0.236030230878977,0.5234816043884,0.831477724000907
"MA1633.2",6.25224118882244,14.7789336631026,1.0558944439223,1.76430006724678,0.841482932979504,-0.0585809280151681
"MA2324.1",-0.0118000841270126,-0.10812508030222,0.602585338641229,0.580551581000053,0.975060519172081,-0.245941869653189
"MA2325.1",0.490818856230074,1.26966773113786,0.580765689353553,1.61696341901062,0.665886437294178,1.76776478648487
"MA2326.1",0.649703034836149,0.240732792741311,0.013702378027191,7.1445698411179,-0.0861548790304982,0.764937747067747
"MA2327.1",1.35233641231924,1.7085274384404,0.4243004262799,0.162004582957821,0.617778257811553,0.903044288278446
"MA2328.1",0.728459172329673,3.54826208786982,0.956040913407972,4.63111548415163,-0.142863146492871,0.938374067681234
"MA2329.1",3.61046581452489,6.91907932391656,1.69524345506579,80.7858298082825,-0.217172926216962,0.540430572484542
"MA2330.1",0.755630359979883,-0.283147799055905,0.0618752531645392,-0.280977064813507,0.573586153121135,-0.257483126290779
"MA2331.1",-0.0455611637804682,0.677263120614921,0.243440217738325,0.213554944453912,1.03458448104144,0.782654775826295
"MA2332.1",0.298648185533398,0.529204079435805,6.04022900989714,224.676117469076,-0.0157121784406849,0.629112072142818
"MA2333.1",1.4672021469958,0.966686246667489,1.14349148050871,1.39180608889422,0.33578483650012,0.802134456918559
"MA2334.1",0.725119378534641,0.949960970683611,0.997606002449072,0.16424848975821,0.778616249292064,1.77847532884714
"MA2335.1",0.18840610134248,0.596979761571065,0.319819626723747,1.40934827081237,0.523891026797159,0.880052420623585
"MA2336.1",2.52441922025184,0.366822983435618,0.554517916497266,0.522965139432074,0.457047060255111,0.702279034489312
"MA2341.1",-0.141597411277398,-0.54200304304195,0.002740871024658,-0.390162684074125,1.05330004912605,-0.446174195646779
"MA0690.3",0.145572261331044,0.705684298996428,0.148965628754599,0.775119620134519,0.91420804565457,0.159271596450719
"MA1463.2",20.9830220961905,0.609878114029542,0.548701317744963,-0.435045695134511,0.192875305260332,3.34049895956254
"MA0259.2",-0.10922206357517,2.28667612887953,0.755083924330958,2.24210844647483,0.253169023195493,0.572029494685387
"MA1464.2",1.94562841680318,0.736561340523938,0.651134427391583,2.67483405875835,0.4966543782144,0.148400442244219
"MA1100.3",-0.748078698302059,0.295584969239796,0.709276804747245,-0.712574151535115,2.03143541821645,4.98731421623453
"MA1631.2",-0.701369263205637,0.549588870067221,0.957597918313465,-0.453222515940022,1.80610565708876,0.337864684420756
"MA1632.2",-0.446625685354522,0.137047473535495,0.729875970819128,0.208315862688846,1.37888077363615,0.0275365744030207
"MA0605.3",-0.0027497697412338,1.94401053181024,2.21691988177966,1.98989678427629,0.719267808134159,0.359152814450412
"MA0833.3",-0.0634366879137311,1.35506686537741,0.57075533237416,1.25818458714183,0.75674987006073,0.656452648252167
"MA1466.2",0.31849937196164,1.37500512045791,0.972247252104838,1.69241984442349,0.571519373075337,0.372259064116022
"MA0834.2",0.418547446040503,1.60963026836705,2.03067792327933,3.09157365177288,0.568021693485372,0.298844749332914
"MA0496.4",-0.0582068765599035,0.857466360223032,0.387957228716355,0.898942319926324,0.919553225629814,-0.556246639967337
"MA1101.3",2.22662777242647,6.73452490838596,0.794152772966272,1.43373053846996,0.853894060913351,-0.305190693368349
"MA1470.2",-0.0514851790080978,1.14247431148772,0.684078393215281,1.13355613454794,0.806005542519194,0.23119082502522
"MA0877.4",1.28764991454934,3.36121778940967,2.27498171927848,4.28765932292095,0.33240705860959,1.84973684874509
"MA0635.2",1.28764991454934,3.36121778940967,2.27498171927848,4.28765932292095,0.33240705860959,1.84973684874509
"MA0875.2",8.17921180603963,-0.0504154820180423,0.848697488807158,-0.149262517419467,0.0862325293949477,1.58662137353305
"MA1471.2",0.545639806924505,0.361556073257409,0.212819464789618,0.847482833790483,0.615062532465082,0.741958294403688
"MA1634.2",11.0732457455038,7.35233957931129,0.74039284634679,2.20255624237596,0.631147820547409,-0.33983733948674
"MA0462.3",11.0732457455038,7.35233957931129,0.74039284634679,2.20255624237596,0.631147820547409,-0.33983733948674
"MA0488.2",-0.429123127819605,0.136039250324474,0.382101196752171,0.325736085306566,1.3391423918261,-0.0735463699590422
"MA0835.3",11.0732457455038,7.35233957931129,0.74039284634679,2.20255624237596,0.631147820547409,-0.33983733948674
"MA0463.3",1.09087293494998,1.22154495571439,0.4783921250052,1.24883354872039,0.510449266305461,0.922682412824618
"MA1635.2",-0.540009746560086,-0.19288565610255,0.659065075859119,-0.828652543033625,1.24428235962968,2.18628482205492
"MA0817.2",0.0304829701789537,3.70952068909942,0.753298464197261,0.787622418718146,0.934533559946779,0.927408073906918
"MA0464.3",1.90301996723237,0.784291305540899,1.1615190362252,1.27848472599113,0.511111652895335,0.45697815672978
"MA1928.2",11.0732457455038,7.35233957931129,0.74039284634679,2.20255624237596,0.631147820547409,-0.33983733948674
"MA0876.2",8.17921180603963,-0.0504154820180423,0.848697488807158,-0.149262517419467,0.0862325293949477,1.58662137353305
"MA0465.3",0.104305030017615,1.55054380337358,0.23661315255532,0.447592339567245,0.870133008828397,0.682492095375245
"MA1473.2",0.411556386120328,0.89496401060601,0.53996545589775,0.608019369463211,0.615265044876296,0.740859125257767
"MA0102.5",0.784227614596462,0.194818071031381,0.448466695233944,6.64292619549496,0.377536079715541,0.206539453222911
"MA0466.4",0.299330026695276,2.5499473210282,0.789251859093923,5.46342681153807,0.626552201344076,0.4221677116708
"MA0836.3",2.45440692170591,1.55924604218099,0.630990766669802,2.68903690077062,0.343391184895589,0.612026049605804
"MA0837.3",0.309191297847055,3.58712085425793,0.436288357263344,5.3965791092611,0.623365017282982,0.293750564992422
"MA1636.2",0.122744587844761,0.736780148670039,0.294552898613006,2.62140037608171,0.62498115996882,0.0162556478461186
"MA0819.3",-0.044227998941384,0.518087367462611,0.853839163601376,0.963117045982294,0.964871883266307,0.237667446463614
"MA0018.5",-0.398993993470076,0.958342093670068,0.734138475119613,0.399647927245726,1.17900592698879,0.236683191307284
"MA0638.2",0.321213155174549,0.861149024288773,0.636284713505469,2.36663113519498,0.603339030590067,0.397221431158917
"MA0839.2",0.63698287372042,1.06956454692226,0.760168851267184,1.31160434928054,0.59093349771514,0.682830065031409
"MA1474.2",0.862483938762309,0.711024121030258,0.61445897262744,2.04726731821635,0.641748123696837,0.673084482818835
"MA1475.2",1.41026262629718,3.52382248710055,0.786235042348477,5.75599750031235,0.397223250172488,0.471567313927058
"MA0609.3",0.00200817999799821,1.12934376261547,0.761078891785187,2.01741711968947,0.745537276448359,-0.0834013838753544
"MA0139.2",-0.702235637464534,1.48984656985485,1.6148511449524,1.76876538993891,2.21862603610306,-0.0795906166600643
"MA1929.2",-0.731259415217803,1.04229929548798,1.4918737221339,0.525170825448249,1.67480238121365,-0.147274644333839
"MA1930.2",-0.62157381090442,0.702346339452395,0.598615443750749,0.439247806688203,1.41249637857101,0.0586005579150045
"MA1102.3",0.136490983019142,0.00706789755737148,0.0311225946112207,0.646634163310082,0.571790612818739,0.143492183610904
"MA0754.3",0.516635091710972,0.835648275170873,0.325308533831587,1.49039669794317,0.760073595144105,1.85673173065299
"MA0901.3",1.90032398323293,0.710828409318942,0.290967248233389,0.67857560372668,0.385437872048509,0.574531304533327
"MA0755.2",0.477274646702414,0.799874762174716,0.344138224360732,1.30646724491906,0.755900353637749,1.12656743461647
"MA0639.2",4.87116702838678,7.88012925858596,1.55680128183596,1.71559263585791,0.229004100254882,1.06645047805924
"MA0879.3",8.17921180603963,-0.0504154820180423,0.848697488807158,-0.149262517419467,0.0862325293949477,1.58662137353305
"MA0882.2",8.17921180603963,-0.0504154820180423,0.848697488807158,-0.149262517419467,0.0862325293949477,1.58662137353305
"MA0610.2",-0.529219120251018,2.16970899731978,0.184800733456424,0.207367596990859,1.30248441879947,0.622797912899635
"MA1707.2",0.00634054298961413,0.531409282350472,0.350156252518955,0.586196047237267,0.809427645536664,0.612744661860903
"MA1479.2",-0.178057577445841,0.468877296643306,0.648006738357913,1.02506365990958,0.930495938306447,0.667917572058644
"MA1480.2",-0.211108453460226,0.596628702504706,1.53087476643184,0.205641327405359,1.25785560676148,0.593790317004601
"MA1481.2",10.1756450149413,0.398085466502252,0.93773457374088,-0.248320831525162,0.147095868676392,2.75027655520612
"MA0864.3",0.82975871718718,3.31469414474963,1.0474349852374,2.68707128119196,0.38261682331106,0.562718496493268
"MA0469.4",1.11720175246904,1.79702869993927,0.306632766783562,1.49727986928769,0.68528393084699,0.745258261273535
"MA0756.3",0.435304656748185,0.690453065900524,0.294547084208255,0.593261549926923,0.9030532453329,1.03428040297768
"MA0470.3",1.33053086084686,2.16739284479656,1.24348345744543,3.41011196119485,0.389636724240003,0.70155684014891
"MA0471.3",1.29739796119528,1.70332640223008,0.502073255349842,1.8934855575711,0.103788021202703,0.996691966361568
"MA0865.3",0.935620680663136,1.6019040076992,1.40638953672414,2.40286347627229,0.324036041950104,1.90368439234934
"MA0154.5",1.88272938796479,-0.408994504888937,0.0638373942561175,-0.653815069041706,0.858791835848988,0.034111372659409
"MA1637.2",1.00266612548956,0.103633742672162,0.207519700345352,-0.231406830939149,0.711765470582725,0.0668452165730577
"MA0162.5",0.587544560917676,2.83431389516387,0.318522278963304,2.62162790214518,0.0879275908057951,0.622847699439255
"MA0732.2",0.634857251904946,2.87909519436483,0.431997544182011,4.20774962647787,0.0263755287507719,0.929461372237158
"MA0733.2",0.483598428306028,1.17269792063625,0.28087188260485,2.69852646793563,0.194045612739505,0.619888649630561
"MA0598.4",0.902703784805573,0.856595975061629,12.8235559369109,727.398252314577,-0.240903881988675,0.567035750403021
"MA0473.4",1.0431934434169,0.734029129020156,4.22213001816689,81.9709080366913,-0.120618224074058,0.431255810668518
"MA1483.3",4.00242991286101,2.76517953724855,4.32492540140461,264.873697084275,-0.136023878375902,0.43094069605076
"MA0640.3",0.565759962340281,0.413607745243675,11.3565972634471,415.467076529623,-0.109295883023043,0.442311287500989
"MA0028.3",6.83709966276714,11.755314368461,2.61554102588149,38.1965576599467,-0.192795449679895,0.496875647822361
"MA0800.2",-0.234550136607411,0.73416830811999,0.435905429294003,0.862710329314497,1.0818435341329,-0.100233822894776
"MA1708.2",2.04690804488363,5.52135404465436,4.3600249017958,631.824424437497,-0.170736976214618,0.295725591654744
"MA1495.2",10.1756450149413,0.398085466502252,0.93773457374088,-0.248320831525162,0.147095868676392,2.75027655520612
"MA1932.2",2.10352694334599,1.74955886371746,1.22627755131657,13.5154924209435,0.0949638851888329,0.766506522588222
"MA0779.2",1.50205560426534,0.550635345641646,0.951676378076938,0.518335900824235,0.633331041500466,0.503311796677254
"MA0014.4",0.241204072117557,1.15101145682629,0.364322082422474,1.50190841821892,0.689666039433597,0.420055881469888
"MA0781.2",0.857209702828916,0.492015721517494,0.694476296196428,0.546689983186279,0.652226824163454,0.575651908130377
"MA0686.2",2.46507186480252,1.1683631841595,1.16179866561882,6.89620856670181,0.128099401020671,0.846997501318615
"MA1933.2",3.16220848674694,2.97602606193669,0.87245579546887,14.5256287766609,0.0165678236163419,0.524981191360054
"MA0828.3",2.73531297787275,0.505133268471905,0.569865019644762,2.50614040926083,0.404871523660812,0.0777713415758955
"MA0843.2",3.37902263581037,4.02469320078366,2.02688656328864,2.03212008292783,0.328221328887834,1.23784182420874
"MA0759.3",6.12683630709408,12.8866981763147,1.63710809944615,38.7858192499451,-0.212584068884798,0.310659466868695
"MA0076.3",3.75153103192019,9.58915082304698,2.71797606538582,109.611278690619,-0.228902352250576,0.315662553056231
"MA0612.3",10.1756450149413,0.398085466502252,0.93773457374088,-0.248320831525162,0.147095868676392,2.75027655520612
"MA0886.2",10.1756450149413,0.398085466502252,0.93773457374088,-0.248320831525162,0.147095868676392,2.75027655520612
"MA0027.3",10.1756450149413,0.398085466502252,0.93773457374088,-0.248320831525162,0.147095868676392,2.75027655520612
"MA0642.3",23.5463051833112,0.39957271572378,1.11904111954792,-0.0462434518242416,0.10484703509647,1.42188701398657
"MA0760.2",2.73632427135591,10.2427830328144,1.51532671424663,34.4562224018434,-0.0678051596786526,0.510674807598021
"MA1934.2",0.314013216684245,0.733065453378177,1.42548481754259,1.19941511441001,0.627463742425251,0.875857357447905
"MA0820.2",-0.732342131261877,0.0892989090255543,0.501438872832185,-0.240804345765504,1.36347408340645,-0.400454863278824
"MA1935.2",0.650457426083559,5.72594400533099,0.617823641302833,227.164104958841,-0.132261624685005,1.14735618597261
"MA1936.2",0.254790689464393,0.270890419860581,0.429015016478198,17.1004718747952,0.248794578320719,0.734037046191911
"MA1937.2",1.09064332869693,1.00053849175462,1.2844748324943,5.74687737365292,0.347976751679574,0.639916815899828
"MA0058.4",1.4874513914746,0.919380532385332,0.963926709055968,1.78768640572131,0.547563167251187,0.0227382395376915
"MA1938.2",0.3314949597394,1.04586330301075,0.597618144287471,0.127169960572863,0.537569622251144,2.35183970508757
"MA0048.3",-0.681780943507309,0.378815967937793,0.848771398734415,-0.664951596666824,1.64837313600386,4.48065117625883
"MA1939.2",1.46790291083078,1.0071790886286,0.662630564828659,3.95557541904914,0.353214180190972,0.634960349922126
"MA0112.4",-0.253793090656166,-0.353318877229358,0.750561608907429,0.199735445165908,1.28375277842407,-0.155138232428844
"MA0592.4",1.06908727865571,-0.217258539736084,0.201731208610214,0.508444171842661,0.598768797107339,-0.0247146680259515
"MA0141.4",0.964188725151269,-0.312038371206284,0.200202319621825,0.405159707069447,0.652239113830432,-0.0198573494837079
"MA0644.3",20.5489218227264,0.88731894853682,1.07257708246737,-0.401148442247241,0.141841241262314,3.26806751697694
"MA0098.4",3.63889595974674,14.3869947576652,2.19412857803461,51.9490065398718,-0.151695139782923,0.733667385370002
"MA1484.2",3.59408642380873,22.2006920684315,0.54752127980469,45.3485540977074,-0.095651437321661,0.674500785302499
"MA0761.3",0.627234340031697,0.964655100134717,7.47778114327385,240.745499121579,-0.0629279426753126,0.674448951041107
"MA0762.2",2.04082026265451,4.3546639897682,0.806939797392709,44.4837895362773,-0.0481957612946439,1.08252976961896
"MA1940.2",1.46391028667991,1.24975196785302,1.09077991978453,4.85207316116854,0.408398293987637,1.03738313107584
"MA1941.2",0.0527590240781423,0.737993950653369,1.01904103161512,1.43599362508432,0.567845804356941,0.886238919675484
"MA1942.2",0.110802702765584,2.20776206066458,0.853782732837207,113.964913759835,0.0289378121698722,0.799889958871444
"MA1943.2",1.36217710110234,0.861459144126572,0.744947332530967,3.64040328618538,0.498965531302422,1.16486309179319
"MA0763.2",6.21649791166244,10.5339802681606,2.5290296903621,32.128382666303,-0.14682317302399,0.436294253763858
"MA0764.4",5.87138848804275,12.9662818419945,2.0485533269303,32.816930195077,-0.175009713111491,0.475883935049354
"MA0765.4",6.20066190816173,12.8643629246462,2.14453249589116,32.7680885844128,-0.197148320580862,0.42535427434985
"MA1944.2",1.46634486669918,0.956935716463824,0.654923407862433,5.42305071559187,0.282153547315762,1.48975881204952
"MA1945.2",0.0112021168534662,0.433035513777347,0.88214890798157,0.755466714391319,0.645455246426485,0.922299274042379
"MA1946.2",0.307736969030223,1.59007026469946,0.0531920431835496,29.3484232423109,0.187732678048138,1.20225162803466
"MA1947.2",0.447029380173743,0.314128640642465,0.58143672743309,2.99559854985283,0.386483873614703,0.525152262067662
"MA1948.2",0.749537723070869,0.334197920323369,1.19325064813301,5.36989333827159,0.427008205765805,0.418322256365319
"MA0900.3",10.1756450149413,0.398085466502252,0.93773457374088,-0.248320831525162,0.147095868676392,2.75027655520612
"MA0645.2",3.84997586295115,3.24390576774874,1.57240670760752,834.693072764378,-0.229460483919519,0.462146784399119
"MA0156.4",7.19120672928665,16.1517938253279,2.37398868196032,36.8497089378525,-0.20106612082586,0.368845052208981
"MA0475.3",3.46575932124127,10.8489976709809,2.59741429983191,44.5397931668999,-0.10275527049819,0.538630849212057
"MA1949.2",1.51503862732254,1.13368491985985,1.89104646045402,21.4869849240632,0.217311086434473,0.964947625353751
"MA1950.2",0.525076272227012,0.449924554201695,0.649025052458489,30.0744085225064,0.0871881557633668,1.10485566963375
"MA0476.2",17.1124593115344,11.6900984289209,0.948203830143512,1.57310176783482,0.741768867263312,-0.172787880050252
"MA1951.2",0.426238473776736,2.2456624405181,1.03451581840754,2.94770220983727,0.519218762578957,0.624564524250867
"MA0099.4",4.00136696566818,14.953287426763,1.76921522694742,0.99399993127176,0.881862097068241,-0.0312750002070035
"MA1126.2",0.16647420416244,1.40899179395223,1.23433201011225,1.87178582187495,0.708284827175808,0.210318494790027
"MA1134.2",5.11446132272107,15.610958039954,1.93582442599862,1.05156148197056,0.905970172553615,-0.0980691640054334
"MA1140.3",0.88895303233971,1.84154993039871,1.09264867380505,4.08901894766811,0.469897548566721,0.317551407381965
"MA0490.3",6.09004866885103,16.1308212562488,0.948572758095404,1.43288897055653,0.814873315070853,-0.085544483056235
"MA1141.2",5.12460693538895,9.76098144816165,1.15202035346387,1.32416922974959,0.883167466873951,-0.241943368520667
"MA0492.2",-0.175310729836374,0.0416122064404345,0.678861345135518,0.460402252034839,1.04481224454428,0.174263780411397
"MA0491.3",3.08410935644049,15.3731465964952,1.12691907336253,1.27473870111912,0.872711603595887,-0.107228943579459
"MA1135.2",2.75364070776331,12.6095526642411,1.22239875129305,0.977911578233147,0.985241292537546,-0.0244074710393983
"MA0477.3",13.6875433292712,9.38736058246964,1.11885537434711,2.15151404695699,0.827244290168954,-0.320021864417631
"MA1128.2",7.75672463233407,10.0518076641378,0.982045008867428,1.49205994119585,0.821325500677123,-0.22320122985397
"MA1137.2",4.71789588123648,15.7567935481304,2.17709556231701,0.877450405336826,0.88380226267527,-0.0391019962264397
"MA0478.2",3.82185074158256,12.6765007093023,1.78065201400741,1.67967344343622,0.926416119029843,-0.286028270568573
"MA1130.2",5.5431835887646,8.87015635384969,1.0337667556781,1.4895876954514,0.925751063115053,-0.298544962709589
"MA1131.2",0.0893140155221578,1.92509345592936,1.1473386885884,2.28118629917149,0.700703745094557,0.127633761698212
"MA1138.2",3.88106664975706,13.1037748284275,1.4283347551293,0.880722361529221,0.886165704211521,-0.101865227321396
"MA1139.2",0.175479024315499,1.97058845170296,1.17126984123139,2.74232449512571,0.672927920935716,0.272437805928523
"MA1144.2",5.11446132272107,15.610958039954,1.93582442599862,1.05156148197056,0.905970172553615,-0.0980691640054334
"MA1145.2",0.137571580707814,2.72998981956999,0.956239326354946,2.24068473461427,0.738120851011112,0.214136370878165
"MA0148.5",-0.000855910471515226,0.122744282664348,1.14327903435632,0.203230486905218,0.945706568865124,0.351967351236002
"MA0047.4",0.469272442978505,-0.21523054134418,0.615686961036744,0.038118280163389,0.976467638077829,0.466196527174259
"MA1683.2",0.308114781101457,-0.177135365893839,0.599642598434025,0.0767745229909785,0.966180334574122,0.419278144346068
"MA0846.2",0.516304383974078,-0.163388736739965,0.372168768635777,1.3809603094125,0.486929358118421,0.497588365200035
"MA0031.2",0.308114781101457,-0.177135365893839,0.599642598434025,0.0767745229909785,0.966180334574122,0.419278144346068
"MA0847.4",0.681550342924082,0.529033414771139,0.438583088303629,1.04996839535608,0.409014669984774,1.10165403661193
"MA0041.3",0.844262925228082,0.287951306066485,0.677637070756086,1.31644153294903,0.372329823849002,0.931033611121053
"MA1487.3",0.354943118696991,-0.342744319488408,0.406654979006944,1.67186705743359,0.566262820566027,0.0410633826500583
"MA0030.2",0.04569357483463,0.121151682683891,0.290926172169621,0.191036449901649,0.901912959792654,0.50548949214706
"MA0479.2",0.323950218067234,0.576753429385854,0.407078697257169,0.226230519107675,0.804380658183834,0.507556682957299
"MA1952.2",1.1586520163063,3.9188452965761,6.1572562330843,262.978216358267,-0.133179635336802,0.708074129955516
"MA0682.3",-0.117544576385247,0.393996686978918,0.130318822486475,2.01078107026814,0.665203142958076,-0.185266716542093
"MA0852.3",0.308114781101457,-0.177135365893839,0.599642598434025,0.0767745229909785,0.966180334574122,0.419278144346068
"MA1103.3",0.308114781101457,-0.177135365893839,0.599642598434025,0.0767745229909785,0.966180334574122,0.419278144346068
"MA1953.2",0.158727112302006,0.743649105918135,0.864987082574071,15.7911169152405,0.241919015827323,0.724107785948518
"MA1954.2",0.0172187239200687,1.17127438040094,1.32252279476944,84.838070685034,0.0830401774636678,0.557024010401751
"MA1955.2",0.197464610473237,0.941690480892232,0.311810496953168,22.6856331215969,0.210029313399444,0.67854946447688
"MA1956.2",0.671763550038097,0.693531705360124,0.345272940338638,17.2009777997241,0.167195301598783,1.29259261000053
"MA0481.4",0.308114781101457,-0.177135365893839,0.599642598434025,0.0767745229909785,0.966180334574122,0.419278144346068
"MA0593.2",0.382444165752225,-0.347228582836178,0.933275581694565,0.178676561202149,0.757362189670099,0.797044634470705
"MA0062.4",0.546337162620102,1.21352145706433,3.21522507854281,113.474575290674,-0.0844291367713251,0.998023846728392
"MA0035.5",0.345567893349354,0.885838283010014,1.05931936613886,0.972125951924396,0.786585133512563,0.714305938058505
"MA0140.3",-0.46984164800642,0.555802907105302,0.604665080451534,0.252273272741571,1.13475963971497,0.574508958622861
"MA0036.4",-0.609547467595232,1.19474823681499,0.829791405109792,1.40115762442483,1.28012356442476,0.81092280524
"MA0482.3",-0.590847772898062,0.713405992231198,1.39811139120253,1.5159762545059,1.30126955968856,0.529212596704429
"MA0766.3",-0.488499582103352,0.667237585788624,0.518244279106824,1.57766941113047,1.14994441888821,0.330089798540403
"MA1104.3",-0.626151873910874,0.965453197097283,1.0366443766823,1.17031839743546,1.4615505521137,0.725416237131463
"MA0889.2",20.5489218227264,0.88731894853682,1.07257708246737,-0.401148442247241,0.141841241262314,3.26806751697694
"MA0890.2",8.17921180603963,-0.0504154820180423,0.848697488807158,-0.149262517419467,0.0862325293949477,1.58662137353305
"MA0646.2",0.0606450312705938,0.917121572781131,0.744718998389002,0.486491726797134,0.848657194614649,0.86910180553389
"MA0143.5",-0.747823819283006,-0.447048976557452,0.684253638090828,-0.826243736287589,2.76697406954438,-0.529629388817899
"MA0767.2",0.103622786854813,0.941409656743525,0.562456419154378,0.842265126341938,0.718515439302842,0.968841940096977
"MA0038.3",0.966365837113243,0.975556392190767,1.64351392186022,-0.0456537829682685,0.510345990804811,1.63094852911972
"MA1491.3",-0.0535426847431221,0.489551531683806,0.222623980305852,0.775600460602747,0.870711250941197,-0.0059599595010128
"MA0735.2",0.601243800798478,0.674340151589374,0.0799433550594029,1.15052093430375,0.632783586484111,0.414840972655014
"MA0647.2",1.8874542670915,2.31595517165716,0.354468358626186,2.63188265662622,0.470230759924298,0.586927362310064
"MA1105.3",3.01753797819583,0.983060555488165,0.45585041222522,2.29018874517324,0.37472898446812,0.514496328711706
"MA0648.2",-0.117544576385247,0.393996686978918,0.130318822486475,2.01078107026814,0.665203142958076,-0.185266716542093
"MA0893.3",5.11760394976635,0.12687625179321,0.788406311763644,-0.0465016058359153,0.62178237525872,2.04931475661097
"MA0522.4",-0.681065696148486,0.41012619063711,0.595993820942953,-0.0744735743161607,1.65526918019993,0.148091624632027
"MA1638.2",-0.805591117688088,0.337949415938219,0.435556622835394,-0.737820430311299,1.71894673537548,0.405421753074502
"MA1099.3",2.77433548585599,1.25347058718218,1.68651633231181,1.59989464143857,0.347699560955076,0.523600990657501
"MA0616.3",0.960897136522886,1.56356260249266,0.98799288951059,0.720163392771613,0.68502207127435,0.660710053464015
"MA0894.2",8.17921180603963,-0.0504154820180423,0.848697488807158,-0.149262517419467,0.0862325293949477,1.58662137353305
"MA0649.2",0.722412337453594,1.58936457458356,0.603530175372567,0.915945536640265,0.727696045943835,0.179372574959332
"MA1106.2",0.109031098841388,2.62422611944352,1.00861165209772,0.941092982905944,0.62454756387346,1.43633462117368
"MA0131.3",0.777297505843263,3.21926998345539,1.43084596801698,3.81094437266807,0.284392717220819,1.15939812115558
"MA0043.4",5.10940043377636,5.5973174175957,1.03914984944235,1.19872947250177,0.252743263256239,1.5356867339005
"MA0895.2",1.47442256708135,0.794134830494634,0.271229966249669,1.95806724647339,0.370070944986718,1.64586026056177
"MA0046.3",0.754290218877418,0.872884880908825,0.630937963988258,1.10722300424066,0.481486692990673,1.1754003328359
"MA1494.2",1.52472878657595,0.291967941485329,0.594515727393173,0.843928834379595,0.704427803867545,0.267043872964898
"MA0114.5",1.61040472479262,-0.139431186276971,0.205953486735747,-0.00893297171223418,0.612335419033191,0.291071672099988
"MA0484.3",1.22337988788371,-0.202143904006232,0.207023340082092,0.0731168268502933,0.680964426286338,0.291489396166583
"MA0899.2",2.1412629502429,0.812086190761876,0.549557067529015,0.254029176089318,0.50030943138786,0.885714388498312
"MA1496.2",0.84463422493687,0.261972374640272,0.519980220725531,0.120131251565875,0.662848760791442,0.856805834558197
"MA0902.3",10.1756450149413,0.398085466502252,0.93773457374088,-0.248320831525162,0.147095868676392,2.75027655520612
"MA1566.3",-0.285625834017064,0.245277051626602,0.255635197442393,1.1964617823921,1.1229393963128,-0.203818358145048
"MA1499.2",5.88577456091478,0.0847791690922286,0.498339657539422,-0.358750370683672,0.169097293701357,1.51236353068535
"MA0904.3",10.1756450149413,0.398085466502252,0.93773457374088,-0.248320831525162,0.147095868676392,2.75027655520612
"MA1501.2",5.11760394976635,0.12687625179321,0.788406311763644,-0.0465016058359153,0.62178237525872,2.04931475661097
"MA1502.2",9.0974197924896,-0.0367975520577609,1.20701977894334,0.00316885594935635,0.145389805879847,2.19969364319917
"MA1503.2",0.721473402437309,1.37890016244988,1.01215855892098,2.52497842603137,0.499355881618115,1.60509818811897
"MA0905.2",1.15076438010174,1.44516478332786,0.714864271100955,1.52657310886505,0.4933817794642,1.01056738771733
"MA0651.3",1.69670985576095,0.861794038731035,0.433684445594811,1.94543976838958,0.462518613797423,2.1100966534798
"MA0906.2",1.17441461614898,1.51998271336567,1.16386157452715,1.80778337990862,0.489751374141176,2.10745524308124
"MA0907.2",1.91689589746067,1.92938874285243,0.343472918514244,0.892462472817456,0.470745237461185,1.32818452853448
"MA1504.2",5.88577456091478,0.0847791690922286,0.498339657539422,-0.358750370683672,0.169097293701357,1.51236353068535
"MA0485.3",0.740204144377942,1.54362184892257,1.02133814212818,2.53132094590602,0.47394040354928,2.10644932832411
"MA1506.2",0.615545430427381,1.15025530171806,0.720991158991625,1.92284768958482,0.533112354303412,0.945930956912786
"MA0908.2",1.10095490852001,1.34075347051078,0.680794831757647,1.88306509914233,0.465495555325318,1.60910588124886
"MA0873.2",1.5122567955828,1.62470237861207,0.54669001402977,2.09460976266787,0.445230466435401,1.01318217251046
"MA1958.2",0.861300933465964,0.860392458333136,0.438261862149968,11.7907751356636,0.313512153825476,0.948073869655423
"MA1507.2",5.88577456091478,0.0847791690922286,0.498339657539422,-0.358750370683672,0.169097293701357,1.51236353068535
"MA0910.3",9.0974197924896,-0.0367975520577609,1.20701977894334,0.00316885594935635,0.145389805879847,2.19969364319917
"MA0913.3",2.44935661081846,0.860130130529177,0.799812890382587,0.544857286680652,0.336938935368941,1.0725059434459
"MA1508.2",0.0336169230438039,0.592661127740533,1.67205964927191,82.4676506962003,-0.0374430089991498,1.69918960849393
"MA0051.2",3.70785064225779,1.59874238775895,1.484943083968,14.814338954945,0.0055985347588719,1.65252931248678
"MA1418.2",3.65554651476219,0.817345184595505,1.08439962779563,37.5110987740457,-0.13714028664715,2.15090516187539
"MA1419.2",1.168884354314,1.33311084362435,0.777266842903178,40.9025872064059,0.114295337468117,1.61779791130004
"MA0772.2",2.21780803111224,1.86900751515157,0.332852350250664,7.53850219410383,0.134543142489318,1.78793074408958
"MA0652.2",1.03723465097686,2.68743739503675,0.718384601425808,21.7131174104629,0.142591475144872,1.20324767227359
"MA0654.2",10.1756450149413,0.398085466502252,0.93773457374088,-0.248320831525162,0.147095868676392,2.75027655520612
"MA0656.2",0.0284153929851067,2.01106236858287,1.64791793318549,2.17792351801966,0.705147486214459,0.404090634356621
"MA1132.2",7.4621094936712,7.43459008383608,1.05936410989136,2.5618472912185,0.764522020869697,-0.178596961291523
"MA1133.2",0.405842892296063,1.51906244314942,0.718609630142162,2.8173845924566,0.612484601580308,0.262621490614025
"MA0493.3",-0.0778718369001944,0.490806767754919,0.0603628387517969,1.93202641187329,0.209107847775913,-0.167007523044091
"MA1512.2",0.38830250403088,0.886869298178398,0.262276758302204,2.8645487469441,0.150598364184094,-0.0322415949268552
"MA0657.2",0.833285758312429,0.444387289191308,0.637944339381904,4.08177411908715,0.35667943492899,0.0271522878181012
"MA1513.2",1.26119934268136,3.06294477636533,0.464611332872408,6.38420641275717,-0.198155167810387,0.572883542780694
"MA1514.2",0.48525121207458,0.191990446985273,0.230002857459539,0.364800834426098,0.456314866737344,0.29795086758687
"MA1515.2",0.0887819259713318,1.41956459825346,0.300061682945234,5.33048285500933,0.0768996211598401,-0.169776658949616
"MA1516.2",-0.0303294869204626,1.02517720143848,0.306134806362896,6.54951954279385,0.224674922046433,-0.284157438287065
"MA0039.5",0.00232674728979977,0.47550213507337,0.0845360790220928,1.32961754694973,0.229223592093968,-0.16641046785653
"MA1517.2",-0.1089664837048,0.782014425563453,0.353688366337509,3.41349848712589,0.686363832539379,-0.388543077301223
"MA1959.2",0.377166534604533,1.82397625732279,0.291029031879402,6.8862849505861,-0.0359209697964677,0.0951591695874502
"MA1107.3",0.0352362910936307,0.405874105824475,0.0961832600764357,0.932269022485279,0.398077750390497,-0.180861046994374
"MA0618.2",20.5489218227264,0.88731894853682,1.07257708246737,-0.401148442247241,0.141841241262314,3.26806751697694
"MA0700.3",8.17921180603963,-0.0504154820180423,0.848697488807158,-0.149262517419467,0.0862325293949477,1.58662137353305
"MA1519.2",5.11760394976635,0.12687625179321,0.788406311763644,-0.0465016058359153,0.62178237525872,2.04931475661097
"MA0658.2",17.330469242031,0.626484733870201,0.716338237346689,-0.457565438950096,0.233532455710183,2.73876244634265
"MA0701.3",20.5489218227264,0.88731894853682,1.07257708246737,-0.401148442247241,0.141841241262314,3.26806751697694
"MA0702.3",16.904083995797,0.210400085415744,0.723507170621503,-0.172531771012688,0.133677268279712,2.826879676013
"MA0703.3",6.4141422538121,-0.063858514019554,0.648729296073084,0.131044198517846,0.330631252817459,2.15296788082237
"MA1520.2",1.16666973237212,0.252451065233632,0.500237725819971,0.713457135964249,0.579340567844959,1.04162248087627
"MA0501.2",0.449795088051264,1.99659382923749,0.675243799484783,1.07414173741671,0.664799112192983,-0.207540579612288
"MA0841.2",7.82773913713575,6.84181746883931,0.9216543013417,1.06465767509933,1.03220380234393,-0.260276130755797
"MA1521.2",0.733792874978366,0.562159827426182,0.703155359379245,0.629557235669626,0.631257042291917,0.954978904809721
"MA0495.4",1.4870379913406,0.567348546124788,1.00423316264258,1.11184911473455,0.400291724458296,0.530362141291062
"MA0089.3",0.572964115182769,3.25951950710926,0.760680010012949,1.17850033371875,0.744572526038949,-0.204546860154631
"MA0059.2",1.54057814746435,0.317498981180317,0.655619950297368,0.996284764655424,0.599720850980448,-0.144950881760758
"MA0147.4",1.20841880379644,0.273423836053811,0.674669003277925,1.6531777017822,0.586159625225445,-0.152256762189244
"MA1522.2",1.21504940386291,0.165059202351153,0.300257033502411,-0.278628808660305,0.311142999048489,0.594031566049449
"MA0052.5",0.78505241305906,1.13733343569965,0.735442131352239,4.92724936625971,0.362451289462989,0.0878718159634697
"MA0497.2",0.97075269287647,1.15999856759225,0.607466991105892,4.84343148136586,0.302785714696662,0.0185918632455485
"MA1639.2",0.0228867226997004,2.10540870798807,0.383772940666658,-0.00801816874607538,0.867495819283501,0.615298090136923
"MA1640.2",0.793555657269283,2.43404099267278,0.580210761932537,0.0363606265796625,0.703833672140501,1.68135182636173
"MA0775.2",0.190436559447122,1.32431932569309,0.329081155791888,0.611941600446709,0.841416422223122,0.236048122575834
"MA0661.2",20.5489218227264,0.88731894853682,1.07257708246737,-0.401148442247241,0.141841241262314,3.26806751697694
"MA1960.2",1.23463149441856,1.53972560967377,0.280822376171866,0.734071694129883,0.590058615797742,0.819269266133033
"MA0620.4",3.37356358411301,0.209595592183653,0.873029718633837,2.2679154040687,0.424462233138584,0.0632781981367831
"MA0664.2",1.71901928269166,0.956492030026875,0.933472291953882,1.99210147328252,0.502418779802326,0.174619652763564
"MA0825.2",1.4874513914746,0.919380532385332,0.963926709055968,1.78768640572131,0.547563167251187,0.0227382395376915
"MA0707.3",10.1756450149413,0.398085466502252,0.93773457374088,-0.248320831525162,0.147095868676392,2.75027655520612
"MA1523.2",0.538866222906869,0.861020238953388,0.671245148853677,0.618970958416413,0.57549650527277,0.46148782117291
"MA0666.3",8.17921180603963,-0.0504154820180423,0.848697488807158,-0.149262517419467,0.0862325293949477,1.58662137353305
"MA0708.3",8.17921180603963,-0.0504154820180423,0.848697488807158,-0.149262517419467,0.0862325293949477,1.58662137353305
"MA1108.3",-0.205234382167556,0.0255938734565456,0.32372606185179,-0.548163788489882,1.04859735776579,-0.266806249702458
"MA0100.4",2.12211020249692,0.618710483869712,0.523867121737854,-0.207533867724721,0.379268061707907,0.211741906242316
"MA0104.5",1.5493678669971,0.515239591595783,0.54219755319609,1.2917208357465,0.587786898989075,0.0466973798545624
"MA1641.2",-0.761268726688597,0.0967954089215173,1.23764950715838,-0.68309269153291,2.45302460672426,1.37881782671849
"MA0499.3",-0.744053260098218,0.0680457918534688,0.725584552196013,-0.50863691551836,2.04947491924835,0.698672648927343
"MA0500.3",-0.748078698302059,0.295584969239796,0.709276804747245,-0.712574151535115,2.03143541821645,4.98731421623453
"MA0056.3",-0.00491495900228497,1.49718700629689,0.478334753218335,-0.287658724866467,1.10134214686477,0.167838689926591
"MA1109.2",-0.759426694806048,1.89195801331345,0.60517543238498,-0.619387037857447,2.14426254866573,0.591707145875004
"MA1642.2",-0.709045564240085,1.45860642361144,0.675876754169142,-0.657061448439155,1.85880818861082,0.452666980871101
"MA0625.3",4.79627996200378,1.33321672371763,0.363565311613279,-0.118233947659313,0.0175810121323228,0.581274592314259
"MA1525.3",2.57834020364246,2.53373128312718,0.966161347599201,0.39309880402513,0.4286524781146,0.941985444483211
"MA0670.2",319.658168252617,0.926219851011349,5.51280751956313,-0.811873633377257,0.00189790949774295,1.27582280868944
"MA1643.2",69.9910085613169,-0.491851760156795,0.96644898172634,-0.827808913482435,0.315998611917097,0.896439884459201
"MA0161.3",534.125086409345,2.44328744956968,12.44047174217,-0.841278161442423,0.164662196560525,1.01548621364529
"MA1527.2",32.566580143296,-0.344764658865095,0.377666892639861,-0.57197140385984,0.347635358281634,0.84124604088709
"MA0025.3",3.1675349991204,4.45394997907138,1.27805049632999,1.1837767474191,0.294455544755206,1.54701745556849
"MA1528.2",34.5730566162222,0.0625379754687961,0.468477606013145,-0.733895702995353,0.392774609379361,0.648193996877476
"MA0778.2",-0.296269546530097,-0.257708054756695,0.233057647388902,1.27059656434456,1.11299000578389,-0.182945974751286
"MA0060.4",5.41133109379811,2.00139580922879,1.02166818539163,4.32652858284916,0.154264756798326,0.578156125148724
"MA0502.3",10.6619948336459,1.69611804310383,1.41581970720939,4.48558750735241,-0.0294088184894649,0.0190836697690213
"MA1644.2",4.9824350847729,2.34045641547871,1.07355788846257,3.8704030426053,0.160181426668002,0.512291785456385
"MA1529.2",-0.618074348693224,0.512194435457307,0.926180135797294,-0.433298466806338,1.46453368090183,2.05250337830686
"MA1645.2",0.81139758672026,0.905605839973095,0.851688764291508,0.289564098608872,0.74550615013853,0.100105790409909
"MA0672.2",1.35019204518278,0.196123202979043,0.347061352724675,0.635417794037003,0.753668825613934,0.20315315976976
"MA2003.2",1.20084068766401,0.432584256852265,0.994659192554424,0.450986466200016,0.695760546114061,0.00898563846845873
"MA0063.3",0.528322461648665,-0.0729180586557373,0.43995342335275,0.791290082065234,0.736462412376931,0.186814005477494
"MA0673.2",1.31807388601877,0.275067431293167,0.809852035123106,0.397304292943807,0.530334431557919,0.193254981052791
"MA0674.2",16.904083995797,0.210400085415744,0.723507170621503,-0.172531771012688,0.133677268279712,2.826879676013
"MA1530.2",5.77187753447698,0.138055882886022,0.648902629974963,-0.161421799069294,0.353817458126269,1.44201543999758
"MA0710.2",20.5489218227264,0.88731894853682,1.07257708246737,-0.401148442247241,0.141841241262314,3.26806751697694
"MA1531.2",-0.152048102356657,-0.191410987814095,-0.021698763068208,0.328584481796679,1.01426261044507,-0.0177484498001272
"MA1146.2",1.13825234458328,0.250889820587244,0.714766965998244,0.619990104921583,0.607648705522783,0.374090142595279
"MA1533.2",0.728571053256597,-0.0148566094521494,0.487645264973752,0.677380971068229,0.627731285381928,0.0742951431455825
"MA1534.2",1.49365263134378,0.57882492810123,0.0483220282808855,1.01191635295097,0.539829254852221,0.37047213706928
"MA1535.2",-0.0717791756404328,-0.644400474219455,-0.0251725263094947,-0.10649020562468,0.898820281187422,-0.56503164809859
"MA0504.2",0.407972163836137,-0.111515069681116,0.2134747733291,0.577191513767757,0.659252540683273,-0.0388481211122776
"MA0017.3",-0.360465542819986,-0.384151349643566,-0.0252565863613737,1.22921895170519,1.29126851115004,-0.514988677459274
"MA1537.2",0.205385178244178,-0.303029239564226,0.477193014663693,1.13993637241952,0.88048063917681,-0.263942989661357
"MA1111.2",0.327247324580082,-0.438367491330648,-0.00953014388118734,0.546412291742215,0.867079198711822,-0.162079602245654
"MA0113.4",14.1951835293294,0.301243044371534,0.279414150425174,-0.226983359960169,0.236272919543166,2.09461409683599
"MA0727.2",14.9414298427212,0.389559832309821,0.516638133707648,-0.344746359319796,0.188507224617722,2.04147854395019
"MA1112.3",0.358114911586493,0.0584303606390291,0.157358178549367,0.423811408570594,0.769385322114089,0.234834630775544
"MA0160.3",0.326304329471712,0.751173988477625,0.194114924449779,1.00005521669557,0.753124171928227,0.544672601399397
"MA1147.2",1.27787719350609,0.148362202325532,1.07159581336655,0.443996692919929,0.620774725240111,0.439516831907135
"MA1541.2",0.641534358830894,-0.117699353279845,0.561142151818357,0.423414646482982,0.760007932907245,0.112900784915776
"MA0842.3",0.372539325704667,0.912974955703258,0.828943991277095,2.54931090674121,0.592462525104993,0.284484248323625
"MA0679.3",1.53381835481428,0.383765575855009,0.715704219815802,0.104996178676908,0.611710505139229,2.06951788367671
"MA0757.2",0.576229509054996,0.42472218018071,0.0381617192097169,1.21438216910023,0.508807259477972,1.10773447336825
"MA1542.2",-0.0443518163685153,1.94084624009213,0.297334381487991,1.22016050126408,0.962155123171275,0.454627065017206
"MA1646.2",0.921414388663991,0.722361595900958,0.429687170591534,0.337015944108576,0.439071764203809,0.552851156343106
"MA0711.2",-0.117544576385247,0.393996686978918,0.130318822486475,2.01078107026814,0.665203142958076,-0.185266716542093
"MA0712.3",-0.388724790103733,0.532062784795474,0.0791928486758345,2.29098547365811,1.11988562219526,-0.544136788982999
"MA1544.2",0.657876767899527,1.69153886746386,1.24779313191911,2.22352209756517,0.595109801097328,0.973971731493412
"MA1545.2",0.459677154920717,1.44918051651669,3.26878926084476,2.42328449527807,0.633145328021558,1.40896328898748
"MA1961.2",0.732982788620957,0.547758571684609,0.171836312611667,0.732710321527338,-0.0331682886290907,0.459751921169833
"MA0067.3",0.768230083617232,1.06570836121021,0.383685616380071,1.60752140903208,0.641247623039534,0.354133809543683
"MA1546.2",0.799789897156407,1.07486979325897,0.294287548959787,2.02357110297665,0.651813272665836,0.777991639003173
"MA0070.2",0.0281553069495345,0.70273899704669,0.586257740034409,0.916977447168172,0.82845876762986,0.528414100478136
"MA1113.3",0.673273053040833,2.36400417257957,0.467077161684484,-0.00658038017136218,0.754285570653554,1.89944829847336
"MA1114.2",-0.0184426278236312,0.334163374868094,0.444724107421562,0.396024949944786,0.973169223657325,-0.432773486598377
"MA0132.3",10.1756450149413,0.398085466502252,0.93773457374088,-0.248320831525162,0.147095868676392,2.75027655520612
"MA0681.3",1.2901539240924,1.1520250237961,0.500473542306748,0.254698209604681,0.442812363602726,1.66542692168941
"MA0714.2",-0.117544576385247,0.393996686978918,0.130318822486475,2.01078107026814,0.665203142958076,-0.185266716542093
"MA0782.3",-0.374782242269082,0.228006165000357,0.386718881607898,0.860335230252986,1.01751431789354,-0.279688262858781
"MA1548.2",1.23788284896457,-0.421624618558945,0.144664294901587,-0.307374451775853,0.656577861914163,0.163748827531687
"MA0784.3",4.74033292226744,1.255806683022,0.753259244348319,0.0237385915389729,0.277233964563454,1.64571750565961
"MA0785.2",2.89593331998119,3.12195807412911,0.581325282419943,0.166589089148708,0.329599254384529,1.51330523476803
"MA0507.3",3.6651912527975,1.60343402397982,0.636489611763433,0.217428866651319,0.27920548927336,1.59412366002066
"MA0627.3",3.01650152010795,2.49937768190681,0.830238663916514,0.223732793962021,0.405696323034921,1.48886581439255
"MA0786.2",3.44071353870509,1.84972797453575,0.659125528231138,0.193605489858222,0.308816861334478,1.7335307895556
"MA0790.2",0.665193678212286,1.40441085131143,0.483219055502993,0.0540086909081813,0.515899301868476,1.66240719024356
"MA0683.2",1.97307933624186,0.461705485087229,0.642952458783491,-0.0822534327224379,0.363498104415025,2.10948191149667
"MA0791.2",1.08272675753256,1.40956519494186,0.40172388610565,-0.0748735028805438,0.493796536268149,1.9324513553958
"MA1115.2",1.51395061195783,1.31069565045996,0.608112847335565,-0.0183900476004263,0.512609291657835,1.30837684392669
"MA0628.2",10.1756450149413,0.398085466502252,0.93773457374088,-0.248320831525162,0.147095868676392,2.75027655520612
"MA1549.2",13.4907246253538,0.401822777506646,1.272367547064,-0.305769088007494,0.184563790090256,1.70226453203827
"MA0793.2",21.3529259360468,0.302574647897336,1.47572278475724,-0.420376395294615,0.0863452966453138,2.36804580262914
"MA1148.2",2.06925005566539,-0.0292533704804432,0.346210430216497,0.954916063130748,0.470232774459173,0.0109587410335735
"MA1550.2",0.748376844773807,-0.134948182162637,0.28539807808618,2.04118704812043,0.575594453413836,-0.107060116826388
"MA0066.2",0.882785247163406,0.0140221891690118,0.418001714060111,-0.0717382180802048,0.810315110723304,0.060560926533472
"MA0508.4",4.23293476807228,1.04713390717721,0.0719402928982345,0.991367715967186,0.164489307978673,1.65803942567674
"MA1723.2",0.596241189420516,0.776718251850534,0.115143846058516,0.207160899003127,0.161335172947878,0.635461403734504
"MA0716.2",10.1756450149413,0.398085466502252,0.93773457374088,-0.248320831525162,0.147095868676392,2.75027655520612
"MA0075.4",20.5489218227264,0.88731894853682,1.07257708246737,-0.401148442247241,0.141841241262314,3.26806751697694
"MA1149.2",1.09201142742703,-0.217155110552551,0.629442894214369,0.353991806983824,0.631966444919599,-0.0754667548161677
"MA1552.2",0.391157135407142,0.135633785606693,0.08289676430623,2.71189883444013,0.638393922264917,-0.226570557162118
"MA1553.2",0.150100375352008,0.604908690722857,0.244621595244169,1.76713015668558,0.692765509254408,-0.159676323915029
"MA0718.2",8.17921180603963,-0.0504154820180423,0.848697488807158,-0.149262517419467,0.0862325293949477,1.58662137353305
"MA1116.2",2.46412178528202,0.654786300073405,0.139148440817414,-0.219155147737272,0.0967099430505613,0.225376332675206
"MA1117.2",2.38076186940425,0.684373846889796,0.607380454218007,0.287357118749105,0.434958199456559,0.674748768083479
"MA0138.3",0.52853123074898,0.0661834820475669,0.373692902569596,-0.501693896865348,0.861543162398608,0.367016387711315
"MA0600.3",219.46596940704,9.99122651257758,9.00603867526362,-0.27189892424531,-0.00885271633547968,2.21964175454268
"MA0799.3",19.2553816965541,3.39814011630241,1.52311329358708,0.256207209613594,0.171224245302719,0.887312816575716
"MA0510.3",155.326820793054,11.7104823427919,7.82764013317956,-0.287297573670267,-0.0481046104223898,1.67680978844599
"MA1554.2",6.40370242908643,6.20536919434751,1.86454981445522,0.806151542506803,0.213239299362305,0.516185937909635
"MA0719.2",-0.117544576385247,0.393996686978918,0.130318822486475,2.01078107026814,0.665203142958076,-0.185266716542093
"MA0072.2",14.1329770471517,0.26751637064049,1.30709583940283,0.189956375103061,0.15660478759799,0.983676429472111
"MA1150.2",16.3981343629307,0.323658847475536,1.13801540307699,-0.186397483768694,0.121956064652839,0.956112253725765
"MA1151.2",17.008286795918,0.912381218821633,2.27463383868745,0.298384958534132,0.0427830867722767,1.03355625196809
"MA0073.2",0.0119331169596309,0.249474569842366,0.272888497256424,0.0674042423811888,0.648661601257909,0.0649346278142298
"MA0684.3",0.612658303000991,0.0060992154734594,0.786367881034089,2.01436989196813,0.569054588109237,0.108717958494753
"MA1963.2",0.971641428333706,0.206940068358484,0.221232182117797,0.276671366939238,0.739816683211315,1.33362964033232
"MA0743.3",0.199960155122702,0.432147137731142,0.326513944976586,0.548390009321934,0.954517782892416,0.398651106892629
"MA0744.3",0.223414835397895,1.31200516388856,0.313351805698248,0.533614860969546,0.810230341354175,0.645855580076791
"MA1118.2",1.13740323709581,1.01814350225412,0.872455845462471,1.77088647636812,0.456074438686705,1.15496956306324
"MA1119.2",1.55179862570544,0.434130401403105,0.949536057292303,1.11907125127819,0.487517570142809,0.911771294250287
"MA1964.2",0.711736558668995,-0.184911116931497,0.131164144733304,0.285029117989124,0.385447926401397,0.177298994269255
"MA1558.2",-0.681065696148486,0.41012619063711,0.595993820942953,-0.0744735743161607,1.65526918019993,0.148091624632027
"MA0745.3",-0.668781161574266,-0.0801757588685334,0.816721411342186,0.157897805623285,1.69880945476977,-0.173734850933379
"MA1559.2",-0.76632322863802,0.0743423804273176,1.03817534304821,0.0430333447790663,2.06503810435882,-0.0554621834344934
"MA1560.2",0.89870705118036,0.964823826262144,1.37634095525029,0.534777868824203,0.826601963446847,0.626103274823189
"MA0442.3",0.209709955617527,-0.0883477499118513,0.0767638704887389,-0.81784392888594,0.914124038074201,0.0230810801818937
"MA1561.2",0.308799391435743,0.716019633892669,0.296003901901259,-0.157817935267278,1.09149939603255,0.233791146316755
"MA1120.2",-0.747823819283006,-0.447048976557452,0.684253638090828,-0.826243736287589,2.76697406954438,-0.529629388817899
"MA1562.2",-0.590755745568922,0.0114823741819274,0.456618439000241,-0.655492649612012,2.08327539436131,-0.212292582327785
"MA1152.2",-0.662808274880917,-0.107360627550336,0.331161907662231,-0.514338471575747,2.02036363156598,-0.400941502101381
"MA0867.3",-0.478318814200339,-0.129159277577634,0.625957937270117,-0.753440112275877,1.79055909419153,-0.322232290497217
"MA0868.3",-0.725189471852714,-0.249440237450135,0.361863729771315,-0.747143148827618,2.57697247802375,-0.553659206795181
"MA0077.2",-0.675216262750089,-0.27662474428349,0.666067833283644,-0.740227070912578,2.3535673156714,-0.301593832069043
"MA0746.3",0.496654189238198,1.29393192165497,0.415137100889839,6.82462268734333,0.039632159184328,-0.197547163325856
"MA1965.2",0.179766121752222,0.192187745120345,-0.0628857989444439,0.0351252786009648,0.105895830581526,-0.0688198539543426
"MA0747.2",0.975344679464914,0.693186138852449,0.0232097405469835,1.9687969957544,0.139137755978267,-0.201136976930022
"MA1564.2",0.645411802319679,1.87439852922381,0.778766142861552,5.64589112193648,-0.0932542266924832,0.309478235706869
"MA0081.3",1.02911416896902,0.412800951580085,5.61786818917779,956.623596339164,-0.215462188911794,0.815839609591305
"MA0687.2",0.734260259931645,0.387841334381904,5.41344228150468,495.336873213127,-0.0985076702041609,1.3888533236695
"MA0829.3",0.772981958256092,0.255933731147334,0.233594918483606,1.90511466303233,0.811767196387089,-0.378447440341749
"MA0137.4",4.24488400436023,0.773495616523304,0.271410143042678,1.86056334919863,0.283859768301377,0.304731703207542
"MA0517.2",4.71216788193675,0.440661278297084,1.2800144726264,60.3527169308733,-0.194594346780283,1.38878466849196
"MA0144.3",5.31404845502187,1.78247887973645,0.409702469782889,0.590274614018107,0.258363899402375,0.519498261899405
"MA0091.2",-0.570964771645187,3.71916920517815,0.649185263714774,-0.0585176996139753,1.36169759454251,0.894342273888092
"MA0802.2",-0.185268971363645,0.589395912287564,0.408240798914933,1.28992847258418,1.040581630996,-0.189106374404124
"MA1565.2",-0.259016393199605,0.568193249517217,0.63745258229414,1.12929160297081,1.11676166326041,-0.239556565893805
"MA0804.2",0.407555153629074,1.44330661138101,0.57836187847452,0.517694918619219,0.91876228443037,0.686409562405719
"MA0688.2",-0.321897612933262,0.274600003061416,0.469915490731096,0.969808578188063,1.21782902467556,-0.16386075237558
"MA1648.2",-0.681065696148486,0.41012619063711,0.595993820942953,-0.0744735743161607,1.65526918019993,0.148091624632027
"MA1568.2",-0.273554684423621,3.46941448143608,0.689714184807499,0.307874156762925,1.14058030716995,0.481721110985687
"MA0830.3",-0.684394927366695,0.702071854340751,0.574808766732943,-0.178391561809921,1.90598179849463,0.0527944738524945
"MA0769.3",0.843635773196122,0.168531147258448,0.760950990482211,0.0447773161165982,0.726823787609602,0.716507073787375
"MA0523.2",1.91753110519902,-0.0303275580446431,0.790915318287862,0.159558763521835,0.579257902612211,0.657446127903065
"MA0632.3",2.62643772026521,4.6523324289636,1.56402372333845,2.13214487690596,0.132820918262099,1.17180852866644
"MA0090.4",1.36341816572437,0.798913378572411,1.08298983816127,-0.220378773905316,0.672398152526765,0.106568638627029
"MA1121.2",2.72114996894189,1.28441515271058,1.96013166325983,-0.220050935759776,0.470336018474203,0.229973480399641
"MA0809.3",2.55223834225885,0.579868421885639,2.54641111614032,-0.293981752519105,0.50891556619887,0.165740859390833
"MA0810.2",0.225369904427141,-0.193550011455369,0.129077481298286,0.515100227445908,0.419304965953739,0.106087445520593
"MA0003.5",0.538187293681272,-0.19182979007942,-0.119388504342302,0.256559990523964,0.590202065210496,0.105917700504028
"MA0811.2",0.588336130429123,-0.166432323259504,0.212174814058704,0.194276871472679,0.533874760442043,0.240543961146511
"MA0812.2",0.683758285877998,0.101472413062811,-0.124676635226551,0.114219359639126,0.637102163644496,0.026643153596392
"MA0524.3",0.722581014597522,-0.236237888694525,0.1671307059171,0.182771086470031,0.568600349131783,0.21430019241601
"MA0814.3",0.606687062857625,-0.0791504459041636,-0.130269061334429,0.22507571559103,0.53551705541928,0.0789213042536248
"MA1569.2",0.397579968524996,0.0479983853834522,0.00556400056889159,0.161883996521973,0.55846020397165,0.259183060012854
"MA1966.2",0.148260378824867,0.97989162331706,0.65805393219,1.66701173124109,0.514911040726355,0.990400984365828
"MA1967.2",-0.345892309233832,0.0432252685201749,0.590730557856202,-0.29023028029459,1.07851229592325,2.04820225221317
"MA1968.2",3.00376882119104,1.90776663839264,0.241638854850065,3.21302902806974,0.355586323939921,1.19959205322529
"MA1122.2",1.25032693860201,2.85699642321493,0.662551159584284,3.93476928154728,0.146813128336384,1.13071913843839
"MA0692.2",2.53876279506449,0.17372917509985,0.381812405833597,1.9844661046585,0.513568088706504,0.00953986507384723
"MA0871.3",2.77741231767695,0.801428981247715,0.830555248372888,1.25942997406547,0.55025207624367,0.246179698943092
"MA0597.3",0.770475297873947,-0.531244906037037,0.152672385871488,-0.704154211546762,1.04330586139134,0.146375013041149
"MA1969.2",-0.19334190177262,-0.210073143097069,0.282754473677761,0.243473089877108,1.04283810111776,-0.373394992483982
"MA1574.2",0.33680972653775,-0.350928377298342,0.461908983865025,1.50447816296247,0.784418180512301,-0.138390974153431
"MA1575.2",0.271828897336042,-0.171354772396944,0.229902486584081,0.0925951274487586,0.975526517428588,-0.00826580476970407
"MA1576.2",0.0149634639250213,-0.0666122430510473,0.2395720800962,0.395437789381845,1.02781122875816,-0.0668826900430256
"MA1577.2",10.1756450149413,0.398085466502252,0.93773457374088,-0.248320831525162,0.147095868676392,2.75027655520612
"MA0861.2",0.694292161694954,0.518100918571064,0.219611078631699,0.977787513685383,0.783845940639886,0.150849947846581
"MA1970.2",-0.626151873910874,0.965453197097283,1.0366443766823,1.17031839743546,1.4615505521137,0.725416237131463
"MA1123.3",-0.780757919121338,0.784194745229528,0.502010471608157,-0.49660386754375,2.48817957248738,0.280851745478132
"MA0093.4",2.34732406531079,-0.0353295496573432,0.342429854290551,1.57564628793579,0.623696206021175,-0.414007719810367
"MA0526.5",2.70382601645539,0.538674643179958,0.753182262642373,2.28067419346161,0.384099339209441,0.23925299963469
"MA1578.2",1.30845419770361,-0.179807397349486,0.17301829380188,-0.393129589986108,0.359937546357413,0.625192792236004
"MA0725.2",20.5489218227264,0.88731894853682,1.07257708246737,-0.401148442247241,0.141841241262314,3.26806751697694
"MA0726.2",20.5489218227264,0.88731894853682,1.07257708246737,-0.401148442247241,0.141841241262314,3.26806751697694
"MA0844.2",0.335923809678837,1.68855756794026,0.647361492368301,2.21263806380143,0.576544345049891,0.729010377562705
"MA0748.3",2.6234992911671,2.48587556918717,1.4625691162516,7.55408335408446,0.084995894079021,0.504646698454501
"MA0749.2",0.765609115595358,0.99926444143633,0.939460048944977,1.61901900823057,0.602019007814554,1.1958718909184
"MA1971.2",1.36041248644116,1.21396509208164,0.751584264301029,6.89720664219648,0.238980947800015,0.564631408871674
"MA1649.2",1.56500558079372,0.406538187958853,0.441478839257165,0.08717331006311,0.547847840511647,0.0711688069412159
"MA1650.2",1.27013756558874,3.62882869684539,0.757776636084124,3.21554664902951,0.110937686059135,1.85275838467141
"MA0698.2",-0.855123950260387,0.101370622635221,1.08330382811843,-0.654068153480928,3.04717482865633,0.0927667173323248
"MA1579.2",1.32133321567204,1.17271893731002,0.444655456257347,-0.199325196224906,0.580248764192879,0.210596455852112
"MA0527.2",1.80908765939758,2.88138990403867,1.36580013142111,3.66479148545799,0.259295532334214,1.22691456257396
"MA1581.2",1.13138033246232,-0.185240872125505,0.49645880593203,-0.293782145584152,0.650405323304704,0.192325416003221
"MA0750.3",2.58956166234767,6.24289294939045,1.90742452043969,106.40851285969,-0.223575681743993,0.492681989315275
"MA0694.2",1.30150724616577,0.94655095906184,1.54537504562457,3.65658951999568,0.276008640568214,0.484997757636836
"MA0695.2",0.531138007624813,0.845795170989466,1.47056490198618,2.68891594743852,0.476211485900818,0.478640573199616
"MA0103.4",-0.732342131261877,0.0892989090255543,0.501438872832185,-0.240804345765504,1.36347408340645,-0.400454863278824
"MA1651.2",4.31933715003938,1.08811941426298,0.62516117403699,1.92266930847804,0.105943036638723,1.29214808019709
"MA1583.2",0.850498125651312,3.99012311114131,0.444368126621872,1.31889528365957,0.464413349973036,2.00283632608935
"MA0751.2",0.128228779098464,0.519641574010615,0.187421696354101,0.373183792354078,0.623595107914506,0.325792187977308
"MA1584.2",0.0741697799109852,0.352175295251332,0.128839504887246,0.746570412290949,0.562566960475157,0.472444052403639
"MA1709.2",1.16178607387092,0.248679103443163,0.324606865282432,2.66416120016069,0.232697799458991,0.633056565600518
"MA1585.2",0.00767933598605598,1.59994590619415,1.22862212561291,1.67787166678858,0.759452259788221,0.445949135510407
"MA1973.2",0.822703024809284,-0.33407172210024,0.0654012494299927,-0.144772282259136,0.839261823528489,-0.188979215201886
"MA1652.2",0.219239943285606,1.36536089480681,0.273745842884071,25.8792821536864,0.197952230165652,0.338832100236075
"MA1589.2",1.09749044954308,0.724230869548957,3.02419622304807,0.8817756188106,0.5821562210408,0.266213898328626
"MA1653.2",1.05091913738552,0.176924860837407,0.222560438346416,0.404177108413816,-0.00620090924534533,0.506886569436685
"MA1654.2",1.17931318235285,0.620212762217005,0.846514973573057,-0.422099881691335,0.65682624101215,0.281264042795035
"MA1725.2",1.73972462589744,1.23997184847505,0.585032267349375,0.146716254105773,0.58177767152091,0.402051190470078
"MA1974.2",-0.195284816698778,0.625490093865146,0.582551216291644,0.717727874826648,1.08085379716228,0.322848539895359
"MA1975.2",0.396488083185918,-0.0371973831668712,0.568000625420201,-0.360280111710598,0.980166687206193,0.529701896974647
"MA1710.2",0.529566261934525,0.0693432082577437,0.510991132681316,0.257722513790057,0.439713959501395,0.348419576324744
"MA0528.3",0.957057961755971,0.892845509486093,0.1925146471398,0.465091642346009,0.250319700603046,0.714549415180907
"MA1592.2",0.971958707744294,0.185145244509373,0.239671517571709,0.70686773815002,0.689403523871798,0.753005453433196
"MA1630.3",1.644299929417,0.360425549623081,0.149912719514563,0.107793475387085,0.0276633602419666,0.413756714693025
"MA1154.2",0.775898081635557,1.12262643028933,0.894899618273596,1.12913286487659,0.503324372705629,0.426031462144614
"MA1593.2",-0.327831311922514,0.724451626125924,0.535782433845042,-0.204269122248479,1.07048725940479,0.482051093371055
"MA1976.2",0.410924289160968,-0.23792278348827,0.0296938740790558,-0.349317706137381,0.428035583447504,-0.0652750286447031
"MA1977.2",0.49456208569805,0.408126171172452,0.877752109404969,0.279360663758488,0.635341397913027,0.977015812846487
"MA1726.2",0.34510145338277,0.3350983001913,0.614040233523518,-0.586410802887984,0.95367324899627,0.690733080042208
"MA1655.2",0.826762702028368,2.9882650314299,0.548247435408485,0.126251791063398,0.655008751706861,0.42135504487137
"MA1711.2",1.24023471239416,3.17352058823118,0.350806308459215,2.24803315665144,0.267370618009068,0.939988944468874
"MA1978.2",0.298667349283197,0.454451753026354,0.466993488436934,1.54856728642743,0.396322571224317,0.539971204170333
"MA1125.2",2.41450317438962,1.08911820366054,0.252957249668676,3.98465837677386,0.074970277723028,0.671040798979048
"MA0752.2",0.433931661373935,0.451699375451387,0.845948130936641,0.439717116186469,0.861802778982987,0.192840491611223
"MA1979.2",4.9355932459659,-0.286766055826485,0.329989148498422,-0.326588779107107,0.471221986544771,0.181492918165024
"MA1727.2",1.64377159334102,2.14705524022969,1.49764238024402,1.63205914300887,0.158467239085189,1.2183584703256
"MA1656.2",1.60517760180118,-0.120729754512588,0.0573742071953079,-0.426948316112227,0.681101371180526,0.0818889380355707
"MA1712.2",0.867568602477153,0.0574583111321768,0.228521484306415,0.260169234918729,0.112605992662068,0.482134346899568
"MA1981.2",1.21014895905601,0.199002929991549,0.129286814435365,-0.257299556109254,0.270911744417464,0.276227406802021
"MA1728.2",1.26985933088499,-0.367887995954248,0.781011184677224,-0.747270642311067,0.815285192873837,0.811756615432093
"MA1982.2",1.15151655611244,0.441315687353598,0.351978244942108,0.360708345294999,0.445411318037008,0.873015567158054
"MA1983.2",2.7994822475435,2.33531552068671,0.384196539199074,0.395222578510275,0.351684908888598,1.88737175678471
"MA1713.2",1.24166474059924,2.74606430761434,0.767893213253722,2.900541754048,-0.0737855343323888,1.71124019618921
"MA1657.2",2.02035376256251,1.15972231369118,1.57110614737217,0.832348583945255,0.450366460241222,1.2391511644696
"MA1984.2",0.645861639216641,0.368653070542392,1.01169460934042,0.558676037113418,0.639810477978688,0.810615807267847
"MA1714.2",2.52407977662052,0.737102536071143,0.920538855637222,0.00969717671054535,0.38227855526915,1.26928770185606
"MA1729.2",2.23227312979039,0.887507533772426,0.47209532204132,0.386283984590962,0.465696591192943,1.22473037054995
"MA1599.2",1.23511099747094,-0.231161295952795,0.0602779653493503,0.0673027581795181,0.521562175086468,-0.164579302632036
"MA1600.2",0.701902473674449,0.235596741869623,0.27711980739805,-0.207980376656079,0.686680770369652,0.692145825953766
"MA1986.2",1.5552621538045,-0.38290294744439,0.224322398068859,-0.479565501098609,0.82341021328569,-0.219077566210704
"MA1987.2",1.2364514213542,0.622160956283547,0.53854949539185,0.0633713687099828,0.247520545656662,0.990383903645943
"MA1730.2",0.16653338487414,0.510170930522365,0.849715666972125,-0.168812122335717,0.927102440988269,0.79843343849595
"MA0753.3",0.605571002752633,-0.0542002441172394,0.598417914388138,-0.257452250280655,0.709923885311211,-0.143235450979318
"MA1716.2",1.21710657540292,0.787215070100029,0.296539651519372,1.09431415264213,0.363065761267958,0.554356762721864
"MA1731.2",0.577273430245604,0.153674243876738,0.519115921322131,-0.0143892279502745,0.557421929303174,0.468444834269533
"MA1717.2",0.371583527345426,1.30802435265977,0.885052937608119,1.40651772471603,0.716600260837913,0.141311804694757
"MA1719.2",0.436650341909863,-0.20529921644574,0.318418181837832,-0.357379904587176,0.838665536860394,0.206106930285651
"MA1720.2",0.0244342070472911,0.635189653604124,0.885310004025402,0.019359142206045,0.899453524592677,0.213212795118308
"MA1721.2",0.209910583261772,2.14993578269121,0.915118147667369,1.23296506226623,0.116692608593803,1.80738241846828
"MA1602.2",-0.00617545353428399,0.660492344020857,0.703078567732766,1.35151927991784,0.894244014440095,0.146224923008379
"MA1722.2",2.08120836568508,2.2650458635956,0.420545376173744,0.335872771914438,0.446424636908496,1.16086266609231
