"motif_id","p_val","avg_log2FC","pct.1","pct.2","p_val_adj","motif_name","ic_score"
"MA0161.3",5.05943399853292e-101,-11.6572130695549,0.247,0.974,3.48595002498918e-98,"NFIC",10.4960837516708
"MA0670.2",8.30718561242187e-101,-16.9003670890653,0.226,0.974,5.72365088695867e-98,"NFIA",11.9971740074589
"MA1151.2",3.31410047335802e-94,-8.6115039971442,0.307,0.958,2.28341522614367e-91,"RORC",9.68774554894153
"MA0793.2",1.33136902234842e-92,-7.93855172022026,0.328,0.958,9.17313256398061e-90,"POU6F2",11.3980408932753
"MA0642.3",1.52002897721772e-91,-7.80158236352465,0.326,0.979,1.04729996530301e-88,"EN2",8.94449959601543
"MA1150.2",9.42643728110983e-90,-7.06304982015946,0.338,0.963,6.49481528668467e-87,"RORB",9.24838735164769
"MA0075.4",1.43893363023999e-89,-7.17175210643771,0.331,0.963,9.91425271235355e-87,"PRRX2",10.956430321608
"MA0618.2",1.43893363023999e-89,-7.17175210643771,0.331,0.963,9.91425271235355e-87,"LBX1",9.82867646137221
"MA0644.3",1.43893363023999e-89,-7.17175210643771,0.331,0.963,9.91425271235355e-87,"ESX1",9.96807764722104
"MA0661.2",1.43893363023999e-89,-7.17175210643771,0.331,0.963,9.91425271235355e-87,"MEOX1",9.3444348988704
"MA0701.3",1.43893363023999e-89,-7.17175210643771,0.331,0.963,9.91425271235355e-87,"LHX9",10.8381566870076
"MA0710.2",1.43893363023999e-89,-7.17175210643771,0.331,0.963,9.91425271235355e-87,"NOTO",9.38291224693657
"MA0725.2",1.43893363023999e-89,-7.17175210643771,0.331,0.963,9.91425271235355e-87,"VSX1",8.06102162725241
"MA0726.2",1.43893363023999e-89,-7.17175210643771,0.331,0.963,9.91425271235355e-87,"VSX2",9.15835253481659
"MA0889.2",1.43893363023999e-89,-7.17175210643771,0.331,0.963,9.91425271235355e-87,"GBX1",10.4176480985704
"MA1463.2",2.33319544621913e-89,-6.76042960028378,0.336,0.963,1.60757166244498e-86,"ARGFX",11.7883575472015
"MA0068.2",2.69926392122659e-88,-6.72634842693993,0.338,0.942,1.85979284172512e-85,"PAX4",9.22181960132683
"MA0658.2",6.7343818997959e-87,-6.20956741293403,0.345,0.948,4.63998912895937e-84,"LHX6",10.5323192813071
"MA0674.2",1.95210043325427e-86,-6.97522135640104,0.348,0.953,1.3449971985122e-83,"NKX6-1",9.0729287051786
"MA0702.3",1.95210043325427e-86,-6.97522135640104,0.348,0.953,1.3449971985122e-83,"LMX1A",12.2333612382993
"MA0666.3",1.11564596802283e-85,-6.55659106517739,0.351,0.963,7.68680071967731e-83,"MSX1",9.99817607912978
"MA0700.3",1.11564596802283e-85,-6.55659106517739,0.351,0.963,7.68680071967731e-83,"LHX2",10.0484003644397
"MA0708.3",1.11564596802283e-85,-6.55659106517739,0.351,0.963,7.68680071967731e-83,"MSX2",9.70419290504437
"MA0718.2",1.11564596802283e-85,-6.55659106517739,0.351,0.963,7.68680071967731e-83,"RAX",9.02559840086168
"MA0875.2",1.11564596802283e-85,-6.55659106517739,0.351,0.963,7.68680071967731e-83,"BARX1",8.73670989920316
"MA0876.2",1.11564596802283e-85,-6.55659106517739,0.351,0.963,7.68680071967731e-83,"BSX",8.28580322293493
"MA0879.3",1.11564596802283e-85,-6.55659106517739,0.351,0.963,7.68680071967731e-83,"DLX1",8.1059122708504
"MA0882.2",1.11564596802283e-85,-6.55659106517739,0.351,0.963,7.68680071967731e-83,"DLX6",8.21339747793426
"MA0890.2",1.11564596802283e-85,-6.55659106517739,0.351,0.963,7.68680071967731e-83,"GBX2",9.64758286579431
"MA0894.2",1.11564596802283e-85,-6.55659106517739,0.351,0.963,7.68680071967731e-83,"HESX1",10.1747725521649
"MA0072.2",3.77201099645681e-85,-6.48975297191689,0.353,0.958,2.59891557655874e-82,"RORA",13.3277480112458
"MA1549.2",7.91200417641192e-84,-6.18668368451167,0.357,0.953,5.45137087754782e-81,"POU6F1",10.4362204804577
"MA0027.3",3.44112496600437e-81,-6.10596318730235,0.353,0.932,2.37093510157701e-78,"EN1",9.05281989131869
"MA0132.3",3.44112496600437e-81,-6.10596318730235,0.353,0.932,2.37093510157701e-78,"PDX1",9.66370727614026
"MA0612.3",3.44112496600437e-81,-6.10596318730235,0.353,0.932,2.37093510157701e-78,"EMX1",10.2257750313434
"MA0628.2",3.44112496600437e-81,-6.10596318730235,0.353,0.932,2.37093510157701e-78,"POU6F1",9.25283046857042
"MA0654.2",3.44112496600437e-81,-6.10596318730235,0.353,0.932,2.37093510157701e-78,"ISX",10.2735945000118
"MA0707.3",3.44112496600437e-81,-6.10596318730235,0.353,0.932,2.37093510157701e-78,"MNX1",9.00272300794655
"MA0716.2",3.44112496600437e-81,-6.10596318730235,0.353,0.932,2.37093510157701e-78,"PRRX1",8.04796319969512
"MA0886.2",3.44112496600437e-81,-6.10596318730235,0.353,0.932,2.37093510157701e-78,"EMX2",9.86399754064554
"MA0900.3",3.44112496600437e-81,-6.10596318730235,0.353,0.932,2.37093510157701e-78,"HOXA2",10.5243152509132
"MA0902.3",3.44112496600437e-81,-6.10596318730235,0.353,0.932,2.37093510157701e-78,"HOXB2",9.16236268772219
"MA0904.3",3.44112496600437e-81,-6.10596318730235,0.353,0.932,2.37093510157701e-78,"HOXB5",9.02825642655971
"MA1481.2",3.44112496600437e-81,-6.10596318730235,0.353,0.932,2.37093510157701e-78,"DRGX",8.95370402330545
"MA1495.2",3.44112496600437e-81,-6.10596318730235,0.353,0.932,2.37093510157701e-78,"HOXA1",8.24121815786303
"MA1577.2",3.44112496600437e-81,-6.10596318730235,0.353,0.932,2.37093510157701e-78,"TLX2",10.3201510286161
"MA0113.4",8.35145683619943e-79,-5.90497430981351,0.363,0.953,5.75415376014141e-76,"NR3C1",18.9274296574016
"MA0727.2",1.0557541795875e-78,-6.30359595742413,0.382,0.932,7.27414629735787e-76,"NR3C2",18.7648721119741
"MA1643.2",4.01966779912086e-78,-7.78795342737565,0.381,0.916,2.76955111359427e-75,"NFIB",18.713070779743
"MA0625.3",1.41655010540541e-77,-8.03579256277288,0.368,0.921,9.76003022624328e-75,"NFATC3",8.1135616638204
"MA0910.3",1.62038845861493e-76,-5.9612088883042,0.34,0.932,1.11644764798569e-73,"HOXD8",9.64493574982883
"MA1502.2",1.62038845861493e-76,-5.9612088883042,0.34,0.932,1.11644764798569e-73,"HOXB8",9.59482153901614
"MA0799.3",3.19783746993575e-76,-6.80760867195512,0.338,0.906,2.20331001678573e-73,"RFX4",19.7814434222408
"MA1528.2",1.21134339149902e-70,-6.45739613982029,0.414,0.921,8.34615596742821e-68,"NFIX",15.6339547236602
"MA1527.2",4.12030731570824e-67,-6.54694001512166,0.414,0.901,2.83889174052298e-64,"NFIC",18.1313327409363
"MA1651.2",8.45544981717382e-65,-5.34148886634457,0.335,0.885,5.82580492403276e-62,"ZFP42",15.2084693755555
"MA0703.3",3.13499766126422e-64,-4.27602063460608,0.382,0.911,2.16001338861104e-61,"LMX1B",13.4447160924471
"MA0787.1",3.657356492751e-64,-4.73177710521973,0.386,0.921,2.51991862350544e-61,"POU3F2",13.6856954414513
"MA1116.2",5.17733032501576e-62,-4.66369610320529,0.413,0.921,3.56718059393586e-59,"RBPJ",10.9587211780118
"MA1499.2",1.10022219763747e-59,-5.11649961585438,0.402,0.869,7.58053094172216e-57,"HOXB4",9.88628135866956
"MA1504.2",1.10022219763747e-59,-5.11649961585438,0.402,0.869,7.58053094172216e-57,"HOXC4",9.31205440082388
"MA1507.2",1.10022219763747e-59,-5.11649961585438,0.402,0.869,7.58053094172216e-57,"HOXD4",9.55404444640025
"MA0507.3",2.59054418488123e-57,-3.71285727031215,0.386,0.921,1.78488494338317e-54,"POU2F2",17.930529683505
"MA0060.4",3.30065968857196e-57,-5.1272241317603,0.355,0.832,2.27415452542608e-54,"NFYA",11.5337602931118
"MA0119.1",4.4605674302703e-57,-4.85625497283844,0.43,0.885,3.07333095945624e-54,"NFIC::TLX1",12.5082117681093
"MA0912.2",1.1621895952685e-55,-3.8558004177184,0.398,0.901,8.00748631139994e-53,"HOXD3",11.7241471049509
"MA0784.3",4.79812924572507e-55,-4.09368742478494,0.399,0.89,3.30591105030458e-52,"POU1F1",19.766657446082
"MA0788.1",3.56124480089615e-54,-4.38943407717004,0.398,0.906,2.45369766781745e-51,"POU3F3",13.4076028191331
"MA1530.2",9.73101914717991e-54,-4.02635787633039,0.396,0.895,6.70467219240696e-51,"NKX6-3",10.3809838959677
"MA0792.1",1.38655590905749e-53,-3.47094709052851,0.391,0.901,9.55337021340613e-51,"POU5F1B",10.5499480121323
"MA0758.1",2.76730818278936e-53,-5.10235061627927,0.357,0.853,1.90667533794187e-50,"E2F7",23.8964206861673
"MA0051.2",8.03892367316402e-53,-9.19988487341785,0.298,0.806,5.53881841081001e-50,"IRF2",11.4681951896206
"MA1644.2",2.58245366491553e-52,-4.95415926491026,0.346,0.843,1.7793105751268e-49,"NFYC",10.0428742578523
"MA1554.2",3.33014944634381e-52,-4.9047086713096,0.371,0.853,2.29447296853089e-49,"RFX7",8.80106067345412
"MA0639.2",5.10636502380368e-50,-4.40787259701483,0.37,0.864,3.51828550140074e-47,"DBP",13.6522550670605
"MA0043.4",2.59036812932155e-49,-4.33480972419719,0.361,0.832,1.78476364110255e-46,"HLF",13.0949280152267
"MA0893.3",1.33596971300756e-47,-3.04080333498837,0.423,0.869,9.20483132262206e-45,"GSX2",8.46782338560145
"MA1501.2",1.33596971300756e-47,-3.04080333498837,0.423,0.869,9.20483132262206e-45,"HOXB7",10.0548138196998
"MA1519.2",1.33596971300756e-47,-3.04080333498837,0.423,0.869,9.20483132262206e-45,"LHX5",10.953214412218
"MA2093.1",1.33596971300756e-47,-3.04080333498837,0.423,0.869,9.20483132262206e-45,"HOXB1",9.19810812631025
"MA2119.1",1.33596971300756e-47,-3.04080333498837,0.423,0.869,9.20483132262206e-45,"HOXA3",9.80198059807145
"MA0144.3",1.80059698345148e-47,-4.35976694255351,0.381,0.812,1.24061132159807e-44,"STAT3",12.5764271127705
"MA1630.3",2.81517500701906e-47,-5.86110917735505,0.399,0.843,1.93965557983613e-44,"ZNF281",16.3801575554281
"MA1931.1",8.07446209873522e-47,-8.03783489727516,0.303,0.743,5.56330438602856e-44,"ELK1::HOXA1",15.5207962734268
"MA0786.2",4.84617356409473e-44,-3.47674015071089,0.43,0.859,3.33901358566127e-41,"POU3F1",11.5398722615125
"MA1957.1",9.22205197548548e-44,-9.92984621067307,0.294,0.754,6.3539938111095e-41,"HOXB2::ELK1",17.0760897765522
"MA1979.2",4.976971225951e-42,-3.38808599334519,0.454,0.848,3.42913317468024e-39,"ZNF416",12.5107809195263
"MA1933.2",7.85516921205091e-42,-7.5178107277827,0.318,0.759,5.41221158710308e-39,"ELK1::SREBF2",18.153789921418
"MA1125.2",2.80103608983837e-41,-4.99868894121539,0.368,0.78,1.92991386589864e-38,"ZNF384",12.6727551614488
"MA0789.1",6.24154768760335e-41,-3.5818376335222,0.411,0.838,4.3004263567587e-38,"POU3F4",13.3671898287405
"MA0508.4",1.32183308801079e-40,-4.681115684662,0.392,0.812,9.10742997639436e-38,"PRDM1",11.1557533778696
"MA0785.2",1.1760827889185e-39,-3.13472182208927,0.418,0.827,8.10321041564844e-37,"POU2F1",11.5231265778211
"MA0137.4",1.54352512716315e-38,-3.90062222595529,0.4,0.801,1.06348881261541e-35,"STAT1",14.0359128898545
"MA1105.3",3.73431498706334e-37,-3.00920215502228,0.408,0.775,2.57294302608664e-34,"GRHL2",10.9777763100754
"MA0632.3",1.37063735236498e-36,-4.30067733813699,0.362,0.77,9.4436913577947e-34,"TCFL5",11.1221890321959
"MA0025.3",1.77476908575629e-36,-3.42612104512442,0.399,0.785,1.22281590008609e-33,"NFIL3",11.318824782531
"MA0149.1",3.75476100396396e-36,-3.61581977183601,0.406,0.801,2.58703033173117e-33,"EWSR1-FLI1",30.0530883980234
"MA0686.2",2.54254880640565e-35,-4.26132137713651,0.365,0.743,1.75181612761349e-32,"SPDEF",14.2960631863227
"MA0748.3",2.60934900293246e-34,-4.93874108035959,0.327,0.728,1.79784146302046e-31,"YY2",10.3673965372019
"MA0772.2",1.85474603641945e-33,-4.03874563319201,0.338,0.712,1.277920019093e-30,"IRF7",17.2547935514417
"MA0741.1",8.67304924041203e-33,-5.18631415362367,0.362,0.759,5.97573092664389e-30,"KLF16",13.0854883701205
"MA0627.3",8.7081395994717e-33,-2.8943645632497,0.401,0.791,5.999908184036e-30,"POU2F3",13.0682849150876
"MA0843.2",1.37606434598614e-32,-3.3629580509411,0.392,0.77,9.48108334384448e-30,"TEF",14.3556038006547
"MA1932.2",9.37705237093165e-32,-4.46204762337043,0.337,0.686,6.4607890835719e-29,"ELK1::HOXB13",18.867506842948
"MA1121.2",5.63460534488641e-31,-2.53303343496345,0.462,0.817,3.88224308262673e-28,"TEAD2",10.3667190704521
"MA0071.1",5.71244150069566e-31,-2.64392049742273,0.459,0.838,3.93587219397931e-28,"RORA",9.57425754552089
"MA0836.3",1.50190300786962e-30,-2.83752163664167,0.41,0.754,1.03481117242217e-27,"CEBPD",11.4932904713808
"MA1968.2",3.7008238003495e-30,-3.07811523268946,0.388,0.759,2.54986759844081e-27,"TFCP2",11.2441754252689
"MA0831.3",1.47289761031954e-28,-3.05339260249789,0.413,0.743,1.01482645351016e-25,"TFE3",15.3875378842124
"MA0158.2",6.14843879428712e-28,-2.85351529633479,0.441,0.791,4.23627432926382e-25,"HOXA5",10.1206966392475
"MA0913.3",8.74568872349248e-28,-2.86186477458528,0.426,0.749,6.02577953048632e-25,"HOXD9",12.4366323995262
"MA0808.1",3.65618568906898e-27,-2.32719495702035,0.461,0.801,2.51911193976853e-24,"TEAD3",11.4970557999564
"MA0809.3",3.65618568906898e-27,-2.32719495702035,0.461,0.801,2.51911193976853e-24,"TEAD4",11.3130329583436
"MA0663.1",4.17845887381415e-27,-2.51067930813189,0.389,0.78,2.87895816405795e-24,"MLX",14.2859988179401
"MA0771.1",5.99752015969112e-27,-3.28584387722845,0.406,0.738,4.13229139002718e-24,"HSF4",13.6187541131283
"MA0828.3",7.40448979806631e-26,-2.75638199244398,0.413,0.78,5.10169347086769e-23,"SREBF2",17.096050448147
"MA0486.2",9.08836687541934e-26,-3.00178226018575,0.422,0.728,6.26188477716393e-23,"HSF1",18.6103250823677
"MA0653.1",2.49571259646294e-25,-4.75173854007414,0.318,0.665,1.71954597896297e-22,"IRF9",24.7480896572174
"MA1981.2",4.34453023357788e-25,-2.16171379740724,0.471,0.812,2.99338133093516e-22,"ZNF530",16.4574801592695
"MA0526.5",5.83241296746613e-25,-2.81555759147746,0.399,0.754,4.01853253458416e-22,"USF2",16.0404324135181
"MA1525.3",1.22004328637606e-24,-2.58908335621467,0.421,0.738,8.40609824313104e-22,"NFATC4",11.7396897959867
"MA1714.2",4.69581385639194e-24,-2.72335375744208,0.441,0.754,3.23541574705404e-21,"ZNF675",16.7277385053711
"MA0620.4",2.83862977050323e-23,-2.99037331257633,0.41,0.717,1.95581591187673e-20,"MITF",12.7221181253235
"MA1099.3",8.67920587563111e-23,-2.99598418260583,0.411,0.733,5.97997284830984e-20,"HES1",10.4924941692682
"MA1983.2",2.56956180394043e-22,-2.99256892961681,0.431,0.733,1.77042808291496e-19,"ZNF582",21.9035430800559
"MA1712.2",5.60082304620877e-22,-2.94523899124028,0.446,0.717,3.85896707883784e-19,"ZNF454",14.8189125248174
"MA0636.1",6.45751440459745e-22,-2.43726491950077,0.421,0.723,4.44922742476764e-19,"BHLHE41",15.4530497569842
"MA0471.3",8.06323253426443e-22,-3.63981050146583,0.38,0.681,5.55556721610819e-19,"E2F6",11.2746994080866
"MA1597.1",1.25115918256932e-21,-2.56063965726531,0.456,0.743,8.6204867679026e-19,"ZNF528",21.5522572741105
"MA1650.2",2.31020157183321e-21,-3.51382559571335,0.364,0.691,1.59172888299308e-18,"ZBTB14",11.1965003647953
"MA1987.2",5.71167296200748e-21,-2.32251817006406,0.437,0.723,3.93534267082315e-18,"ZNF701",16.1910597745
"MA1117.2",7.18643668121884e-21,-2.45327322228448,0.449,0.754,4.95145487335978e-18,"RELB",9.74964521039795
"MA1588.1",1.61860876077318e-20,-2.37969665912693,0.452,0.738,1.11522143617272e-17,"ZNF136",17.8520161373295
"MA0899.2",2.92466575744351e-20,-2.09903145391422,0.437,0.728,2.01509470687858e-17,"HOXA10",9.0049570611362
"MA0895.2",7.43319929126677e-20,-1.99660426266508,0.418,0.728,5.12147431168281e-17,"HMBOX1",8.80182132256846
"MA0770.1",8.00762887724225e-20,-2.6354000244744,0.438,0.707,5.51725629641991e-17,"HSF2",17.1661147172974
"MA0683.2",1.33147759525028e-19,-2.44141615956386,0.459,0.733,9.17388063127443e-17,"POU4F2",20.7066995594615
"MA0692.2",1.88770430211505e-19,-2.30646227971124,0.414,0.717,1.30062826415727e-16,"TFEB",10.7456092626291
"MA1980.1",2.27241344098266e-19,-2.05243110124781,0.464,0.743,1.56569286083705e-16,"ZNF418",17.5499429240643
"MA0731.1",2.37920453680178e-19,-2.47666736226315,0.436,0.712,1.63927192585642e-16,"BCL6B",28.4560671328694
"MA1727.2",2.61986876278564e-19,-3.37284362645958,0.388,0.675,1.80508957755931e-16,"ZNF417",12.8630211396864
"MA1729.2",2.97852764624528e-19,-2.26221681335903,0.453,0.738,2.05220554826299e-16,"ZNF680",15.3452817961489
"MA0724.1",5.7440763718087e-19,-2.24192371587389,0.427,0.696,3.95766862017619e-16,"VENTX",11.0390280027628
"MA0107.1",7.11997074127532e-19,-2.32204490859907,0.421,0.702,4.9056598407387e-16,"RELA",9.69235710983811
"MA1419.2",7.79488101481501e-19,-3.35174050780457,0.344,0.628,5.37067301920754e-16,"IRF4",22.94400312787
"MA0901.3",1.30365899510996e-18,-2.30296956491704,0.428,0.702,8.98221047630761e-16,"HOXB13",12.5080409861653
"MA1119.2",1.42413923522865e-18,-1.67315930413169,0.429,0.686,9.81231933072539e-16,"SIX2",12.4051259492415
"MA0442.3",3.00934495018864e-18,2.0895471205054,0.673,0.372,2.07343867067997e-15,"SOX10",10.6409603017789
"MA1475.2",3.69196019978759e-18,-1.83069234456348,0.408,0.686,2.54376057765365e-15,"CREB3L4",10.5559268353076
"MA1709.2",4.28005860720492e-18,-2.32187387625378,0.405,0.702,2.94896038036419e-15,"ZIM3",15.0471177801386
"MA2336.1",6.22234581293771e-18,-2.46626976860493,0.446,0.712,4.28719626511408e-15,"ZSCAN21",9.43674565857053
"MA1657.2",6.61834801643721e-18,-2.16688085466907,0.443,0.723,4.56004178332524e-15,"ZNF652",12.4100466206827
"MA1576.2",8.39272904614219e-18,5.67014662012874,0.549,0.277,5.78259031279197e-15,"THRB",20.9224176028432
"MA0871.3",1.35648553400323e-17,-2.33641955851318,0.425,0.702,9.34618532928222e-15,"TFEC",14.245184188396
"MA1730.2",2.51451580654511e-17,2.43337186408694,0.584,0.262,1.73250139070958e-14,"ZNF708",13.8626445869641
"MA0907.2",2.87112456844101e-17,-2.02749809242302,0.457,0.733,1.97820482765586e-14,"HOXC13",13.8991919324045
"MA1464.2",3.12561654046954e-17,-1.97172273678471,0.411,0.707,2.15354979638352e-14,"ARNT2",12.1897260862913
"MA0652.2",3.43672994321358e-17,-2.86282741764145,0.332,0.644,2.36790693087416e-14,"IRF8",22.3213427919537
"MA1547.2",3.76212063060714e-17,-2.21064249334419,0.429,0.723,2.59210111448832e-14,"PITX2",12.0556890930376
"MA0780.1",4.23758851834187e-17,-1.83987861099439,0.459,0.738,2.91969848913755e-14,"PAX3",15.4060193557624
"MA1962.1",4.2925788447297e-17,-2.09962623167265,0.462,0.738,2.95758682401876e-14,"POU2F1::SOX2",19.9644439991034
"MA0527.2",4.73821935969476e-17,-2.8027878506054,0.374,0.675,3.26463313882969e-14,"ZBTB33",12.9290556983456
"MA1522.2",6.26834044057724e-17,-1.96825554645208,0.474,0.738,4.31888656355772e-14,"MAZ",13.6290723455541
"MA1971.2",6.31316198389907e-17,-2.51030648996544,0.367,0.623,4.34976860690646e-14,"ZBED2",10.3391926098457
"MA1949.2",1.24181311484561e-16,-2.80175688106712,0.373,0.613,8.55609236128629e-14,"FLI1::DRGX",13.8671280340017
"MA1148.2",1.7436245764926e-16,-2.13911375392583,0.456,0.717,1.2013573332034e-13,"PPARA::RXRA",12.3232941464063
"MA0100.4",3.64181937434138e-16,-2.485046382811,0.464,0.712,2.50921354892121e-13,"MYB",10.9721577196203
"MA0470.3",8.07382374781899e-16,-1.77482011389409,0.394,0.639,5.56286456224729e-13,"E2F4",14.5348930472404
"MA0713.1",8.26462225754725e-16,-2.40317461036973,0.426,0.675,5.69432473545006e-13,"PHOX2A",12.0579961572048
"MA0747.2",8.96191119600844e-16,-2.80972389361955,0.403,0.66,6.17475681404981e-13,"SP8",11.2993818648605
"MA1639.2",1.21612905684533e-15,4.94825814405895,0.547,0.33,8.37912920166429e-13,"MEIS1",11.6827756436935
"MA1711.2",1.45207905643902e-15,-2.2159232501861,0.388,0.67,1.00048246988649e-12,"ZNF343",19.2556711053775
"MA1115.2",1.97149034450884e-15,-1.56535541553281,0.464,0.723,1.35835684736659e-12,"POU5F1",9.80696036962538
"MA0647.2",2.84404954885355e-15,-2.0068042767333,0.429,0.702,1.95955013916009e-12,"GRHL1",13.8407369651652
"MA1722.2",4.19441385188295e-15,-2.22224783954337,0.454,0.691,2.88995114394735e-12,"ZSCAN31",24.671201334407
"MA1130.2",6.3975474530524e-15,-2.58226627470775,0.529,0.304,4.4079101951531e-12,"FOSL2::JUN",11.9048091188368
"MA0056.3",7.46471795685891e-15,11.7469434930027,0.587,0.33,5.14319067227579e-12,"MZF1",11.1285189357865
"MA0646.2",1.42076540353313e-14,3.68847107320207,0.539,0.283,9.78907363034323e-12,"GCM1",12.9005238297764
"MA1578.2",1.76429974220834e-14,-1.86494190840795,0.491,0.728,1.21560252238154e-11,"VEZF1",10.6037423321415
"MA0148.5",1.97969294772389e-14,7.75551031939522,0.54,0.288,1.36400844098176e-11,"FOXA1",10.9656632312788
"MA0495.4",4.10497482990676e-14,-1.89581262249896,0.436,0.67,2.82832765780575e-11,"MAFF",12.7671512466511
"MA1134.2",4.33939583791313e-14,-2.49738432168847,0.534,0.283,2.98984373232215e-11,"FOS::JUNB",12.7693941916343
"MA1144.2",4.33939583791313e-14,-2.49738432168847,0.534,0.283,2.98984373232215e-11,"FOSL2::JUND",12.6250908886507
"MA1716.2",5.02647993108512e-14,-1.74850583160324,0.424,0.639,3.46324467251765e-11,"ZNF76",18.7092754380633
"MA1944.2",5.79041929982327e-14,-2.37916119018169,0.379,0.649,3.98959889757823e-11,"ETV5::DRGX",12.932217302222
"MA1420.1",6.64262985933487e-14,-2.32396934997249,0.384,0.607,4.57677197308173e-11,"IRF5",14.8449760349389
"MA1124.1",7.09109312871291e-14,-1.9288864701698,0.464,0.696,4.88576316568319e-11,"ZNF24",17.3892622181318
"MA1720.2",7.10017758402361e-14,4.92312806164306,0.562,0.298,4.89202235539227e-11,"ZNF85",14.8975885479139
"MA0777.1",7.34043072137819e-14,-2.03961100191323,0.416,0.665,5.05755676702958e-11,"MYBL2",16.6594107009053
"MA2120.1",1.58184162341615e-13,-2.30400139819676,0.413,0.67,1.08988887853373e-10,"ZNF184",12.5727918117006
"MA0817.2",1.67006524988784e-13,4.71060399388857,0.503,0.283,1.15067495717272e-10,"BHLHE23",14.6817273745541
"MA0074.1",1.78323020767178e-13,-1.29071470476824,0.466,0.654,1.22864561308585e-10,"RXRA::VDR",10.4662179160218
"MA0740.2",1.89913331554098e-13,-4.25447983789196,0.38,0.628,1.30850285440774e-10,"KLF14",13.4455405969179
"MA0732.2",1.95982889558414e-13,-4.56240436502828,0.359,0.597,1.35032210905747e-10,"EGR3",17.5906181997587
"MA1122.2",3.61813189435305e-13,-3.0892689283063,0.385,0.602,2.49289287520926e-10,"TFDP1",10.896731821216
"MA0478.2",4.63801230380681e-13,-2.04540068090884,0.531,0.33,3.1955904773229e-10,"FOSL2",13.8804347535205
"MA1534.2",4.81357119028185e-13,-1.4714073472569,0.443,0.681,3.31655055010419e-10,"NR1I3",10.5117207981828
"MA0774.1",6.81726931248909e-13,5.04220931688541,0.552,0.335,4.69709855630499e-10,"MEIS2",10.8769570973789
"MA0528.3",6.98704256657054e-13,-1.93858850974177,0.449,0.665,4.8140723283671e-10,"ZNF263",11.0353915490101
"MA0523.2",7.58658067696886e-13,-1.72912556182807,0.479,0.702,5.22715408643154e-10,"TCF7L2",12.7411529877954
"MA0030.2",7.64267114539674e-13,4.14756765275484,0.553,0.319,5.26580041917835e-10,"FOXF2",10.1465998787713
"MA2333.1",9.23010476282456e-13,-2.12952761420041,0.438,0.644,6.35954218158612e-10,"ZNF35",8.64899532283692
"MA0162.5",1.10049272997677e-12,-2.74142021005707,0.379,0.597,7.58239490953991e-10,"EGR1",11.5089480128741
"MA0651.3",2.51756578575159e-12,-1.87737199679974,0.421,0.686,1.73460282638284e-09,"HOXC11",16.2587743780595
"MA0664.2",2.95969848927639e-12,-1.77695821313439,0.437,0.665,2.03923225911143e-09,"MLXIPL",11.8710620895105
"MA0024.3",3.4241973785398e-12,-1.77494674786688,0.42,0.654,2.35927199381392e-09,"E2F1",12.8766243673134
"MA1141.2",3.82560600787165e-12,-2.53698759340294,0.524,0.325,2.63584253942357e-09,"FOS::JUND",12.9558526121084
"MA0743.3",4.53441119535257e-12,2.21885191324076,0.554,0.335,3.12420931359792e-09,"SCRT1",13.2062349778753
"MA1945.2",5.63159443755273e-12,5.29683299238447,0.523,0.309,3.88016856747383e-09,"ETV5::FIGLA",17.2960158400551
"MA2098.1",1.05424914307725e-11,-1.83291175994402,0.412,0.597,7.26377659580223e-09,"ZNF766",12.9269925160593
"MA0477.3",1.08165424028412e-11,-4.047711089413,0.505,0.314,7.45259771555761e-09,"FOSL1",12.4980687346343
"MA0476.2",1.80205895793867e-11,-4.52698435286103,0.512,0.304,1.24161862201975e-08,"FOS",12.9835961677482
"MA0862.1",2.06929753553616e-11,-2.47256023584128,0.413,0.607,1.42574600198441e-08,"GMEB2",9.52467562921646
"MA1594.1",2.51825923014763e-11,3.6364482547257,0.545,0.335,1.73508060957171e-08,"ZNF382",26.1704324971851
"MA0073.2",2.58845757864529e-11,5.24120177481863,0.545,0.325,1.7834472716866e-08,"RREB1",11.6745749749678
"MA0689.1",3.15074094570722e-11,4.21327364317111,0.511,0.319,2.17086051159227e-08,"TBX20",13.6330822816549
"MA1939.2",4.97228932062368e-11,-2.05735921662386,0.409,0.628,3.42590734190971e-08,"ERF::SREBF2",20.3149948587476
"MA1137.2",5.41138448277833e-11,-2.41678099170099,0.526,0.33,3.72844390863427e-08,"FOSL1::JUNB",8.96341915556972
"MA0114.5",5.6608520584453e-11,-1.39802770258079,0.496,0.707,3.90032706826881e-08,"HNF4A",12.063300585748
"MA0841.2",5.77674989356305e-11,-2.92283302765806,0.511,0.314,3.98018067666494e-08,"NFE2",16.6289285692173
"MA0099.4",7.6991453926965e-11,-2.18258469203488,0.529,0.33,5.30471117556789e-08,"FOS::JUN",11.5322378306675
"MA0093.4",8.07831628014554e-11,-1.91366226943384,0.466,0.665,5.56595991702027e-08,"USF1",12.8434448339427
"MA0635.2",1.18847740607456e-10,-1.95647040554149,0.389,0.613,8.18860932785372e-08,"BARHL2",8.02506856168212
"MA0877.4",1.18847740607456e-10,-1.95647040554149,0.389,0.613,8.18860932785372e-08,"BARHL1",9.6805199479539
"MA1585.2",1.51546290098816e-10,5.87920484208485,0.522,0.309,1.04415393878084e-07,"ZKSCAN1",13.2397518762878
"MA1982.2",2.28876622261355e-10,-1.37455463224613,0.47,0.686,1.57695992738074e-07,"ZNF574",15.1877386099192
"MA1972.1",2.68039458981869e-10,-1.58795596490157,0.448,0.654,1.84679187238508e-07,"ZFP14",15.0204495012652
"MA0746.3",3.29027972055761e-10,-3.63682060010216,0.366,0.56,2.26700272746419e-07,"SP3",14.6415666885141
"MA1940.2",3.49189891611743e-10,-1.84440425755929,0.399,0.613,2.40591835320491e-07,"ETV2::DRGX",13.9437846953249
"MA2097.1",4.93797996086727e-10,-1.85117906281739,0.471,0.675,3.40226819303755e-07,"ZNF75A",16.4146630820165
"MA1128.2",5.31092548018267e-10,-3.23913912206167,0.524,0.33,3.65922765584586e-07,"FOSL1::JUN",11.9749141367931
"MA0908.2",5.6930394381219e-10,-1.24654534578356,0.431,0.623,3.92250417286599e-07,"HOXD11",11.7206984874158
"MA0609.3",6.20028741876196e-10,6.68677706401848,0.516,0.309,4.27199803152699e-07,"CREM",11.4976000707847
"MA2100.1",6.82371903664813e-10,1.97256858789852,0.56,0.346,4.70154241625056e-07,"ZSCAN16",31.0022113751436
"MA0873.2",8.78185990247338e-10,-1.76674909137708,0.432,0.618,6.05070147280416e-07,"HOXD12",13.8346960403106
"MA0464.3",9.92525996594673e-10,-1.89852635347201,0.445,0.639,6.8385041165373e-07,"BHLHE40",12.3595707912497
"MA1118.2",1.10728974629859e-09,-1.32276730274425,0.451,0.649,7.62922635199729e-07,"SIX1",11.3869641132741
"MA0694.2",1.11312156658205e-09,-2.23945585582932,0.401,0.56,7.66940759375031e-07,"ZBTB7B",13.4150783895048
"MA0845.1",1.18423945700334e-09,3.56749704671671,0.509,0.335,8.15940985875299e-07,"FOXB1",12.2257555806231
"MA1707.2",1.72445705927197e-09,6.12894968653658,0.529,0.366,1.18815091383838e-06,"DMRTA1",10.4586896641777
"MA0672.2",1.86986589759976e-09,-0.845376866633358,0.454,0.649,1.28833760344623e-06,"NKX2-3",10.6282719479366
"MA0690.3",2.85961770201478e-09,2.6009392325766,0.54,0.372,1.97027659668818e-06,"TBX21",13.327007355281
"MA0070.2",3.89670011598421e-09,4.63414773474714,0.515,0.309,2.68482637991312e-06,"PBX1",9.43288779300837
"MA1726.2",4.13329379346003e-09,1.44583315335552,0.593,0.382,2.84783942369396e-06,"ZNF331",12.9214121549492
"MA1102.3",4.65386397040651e-09,2.01418020770245,0.539,0.351,3.20651227561009e-06,"CTCFL",11.6748480234811
"MA0104.5",9.03209177503507e-09,-1.40142691099533,0.441,0.623,6.22311123299916e-06,"MYCN",11.5832343684793
"MA0655.1",1.31644521020201e-08,-3.26324057713779,0.492,0.319,9.07030749829184e-06,"JDP2",15.0056446982471
"MA1599.2",1.36789519248186e-08,-1.24785491009509,0.494,0.675,9.42479787620004e-06,"ZNF682",14.3489973403904
"MA1956.2",1.42688667923468e-08,-2.011460639297,0.359,0.508,9.83124921992692e-06,"FOXO1::FLI1",17.4060509860029
"MA1723.2",2.18306678611423e-08,-1.89206577217793,0.461,0.665,1.50413301563271e-05,"PRDM9",15.4603392158952
"MA0744.3",2.19579916862622e-08,1.82646154606487,0.515,0.372,1.51290562718346e-05,"SCRT2",12.6405211961391
"MA0491.3",2.92745048749084e-08,-1.82254208452335,0.517,0.325,2.01701338588119e-05,"JUND",12.7290332825706
"MA0059.2",2.99860516011738e-08,-1.36428373925805,0.446,0.639,2.06603895532087e-05,"MAX::MYC",9.81082448364073
"MA1649.2",3.09213499344039e-08,-1.51725655664687,0.481,0.649,2.13048101048043e-05,"ZBTB12",10.0047873159298
"MA0905.2",3.90452001738266e-08,-1.2262749201167,0.447,0.628,2.69021429197665e-05,"HOXC10",10.9476551998891
"MA0681.3",4.68583410320061e-08,-1.54628996385276,0.463,0.639,3.22853969710522e-05,"PHOX2B",14.4019919193493
"MA1656.2",5.27382347875582e-08,-1.23997510960879,0.533,0.717,3.63366437686276e-05,"ZNF449",13.1167182184974
"MA2335.1",5.53373351067046e-08,1.4378455370481,0.518,0.34,3.81274238885194e-05,"ZNF558",31.8707764150948
"MA0088.2",5.54940286901109e-08,-1.2298023191533,0.469,0.628,3.82353857674864e-05,"ZNF143",21.9016502759138
"MA1138.2",6.07415704260031e-08,-2.13158564518114,0.526,0.346,4.18509420235161e-05,"FOSL2::JUNB",12.6603125195665
"MA0090.4",6.59101237766074e-08,-1.02383591879574,0.485,0.644,4.54120752820825e-05,"TEAD1",12.4159077985339
"MA2121.1",7.864810235692e-08,1.96630776763636,0.594,0.424,5.41885425239179e-05,"ZNF213",11.6773314977242
"MA0131.3",8.23981740879563e-08,-1.45664314513526,0.409,0.592,5.67723419466019e-05,"HINFP",11.8334580556276
"MA0102.5",8.79404347131652e-08,-1.06152667466834,0.425,0.592,6.05909595173708e-05,"CEBPA",12.1449053434989
"MA1725.2",9.28044780101765e-08,-1.58288158826985,0.469,0.623,6.39422853490116e-05,"ZNF189",12.0352467059618
"MA1145.2",1.38435141622265e-07,2.37118592873003,0.498,0.325,9.53818125777408e-05,"FOSL2::JUND",12.7453872282937
"MA1489.1",1.56893509694832e-07,3.46752147354892,0.517,0.356,0.000108099628179739,"FOXN3",14.0980948216733
"MA0673.2",1.67069846387453e-07,-1.31723161234354,0.485,0.654,0.000115111124160955,"NKX2-8",8.88329487760155
"MA0497.2",2.12802446951299e-07,-1.68516246974595,0.428,0.597,0.000146620885949445,"MEF2C",13.2879652589088
"MA1126.2",2.45334394199186e-07,2.0458134684272,0.502,0.33,0.000169035397603239,"FOS::JUN",9.58774644618286
"MA1633.2",3.36292603466869e-07,-2.89334926825879,0.507,0.356,0.000231705603788673,"BACH1",14.1078254777869
"MA0472.2",3.51869880141551e-07,-1.83047350615594,0.392,0.56,0.000242438347417528,"EGR2",15.2128058772618
"MA1646.2",3.90627199710583e-07,-1.07521932015276,0.464,0.628,0.000269142140600591,"OSR2",10.1885940718724
"MA0155.1",3.909726273237e-07,-1.10078035694894,0.499,0.634,0.000269380140226029,"INSM1",10.6184217895633
"MA1421.1",4.41966147753787e-07,-1.39171578545088,0.47,0.639,0.000304514675802359,"TCF7L1",15.8815808268455
"MA0696.1",4.70431421314807e-07,2.01363975666605,0.52,0.393,0.000324127249285902,"ZIC1",18.7668938563859
"MA0031.2",4.71672311419306e-07,1.62558342944285,0.544,0.398,0.000324982222567901,"FOXD1",8.12931473258246
"MA0033.2",4.71672311419306e-07,1.62558342944285,0.544,0.398,0.000324982222567901,"FOXL1",10.5988680191531
"MA0042.2",4.71672311419306e-07,1.62558342944285,0.544,0.398,0.000324982222567901,"FOXI1",11.5934007918726
"MA0481.4",4.71672311419306e-07,1.62558342944285,0.544,0.398,0.000324982222567901,"FOXP1",9.72085053177704
"MA0848.1",4.71672311419306e-07,1.62558342944285,0.544,0.398,0.000324982222567901,"FOXO4",10.6413992094746
"MA0849.1",4.71672311419306e-07,1.62558342944285,0.544,0.398,0.000324982222567901,"FOXO6",11.9683854721416
"MA0850.1",4.71672311419306e-07,1.62558342944285,0.544,0.398,0.000324982222567901,"FOXP3",8.22299096935607
"MA0852.3",4.71672311419306e-07,1.62558342944285,0.544,0.398,0.000324982222567901,"FOXK1",10.645094948993
"MA1103.3",4.71672311419306e-07,1.62558342944285,0.544,0.398,0.000324982222567901,"FOXK2",9.78139813290486
"MA1683.2",4.71672311419306e-07,1.62558342944285,0.544,0.398,0.000324982222567901,"FOXA3",9.7659076808572
"MA2117.1",4.71672311419306e-07,1.62558342944285,0.544,0.398,0.000324982222567901,"FOXP4",9.48716720203484
"MA0605.3",7.58062234145238e-07,8.17809026127561,0.496,0.335,0.000522304879326069,"ATF3",17.0541878160233
"MA1575.2",7.71258195483846e-07,1.81701669365812,0.552,0.393,0.00053139689668837,"THRB",17.616188853325
"MA1601.2",9.36618434181379e-07,-1.4203736098148,0.464,0.634,0.00064533010115097,"ZNF75D",16.0170649205833
"MA1943.2",9.72561058904317e-07,-1.45236993142366,0.431,0.581,0.000670094569585074,"ETV2::HOXB13",15.6642306659621
"MA0463.3",1.46408553922164e-06,-1.10053090222927,0.449,0.623,0.00100875493652371,"BCL6",16.0876411935726
"MA1553.2",1.59115981575062e-06,2.15846396329594,0.504,0.356,0.00109630911305218,"RARG",15.6372093681635
"MA0733.2",1.7727222453681e-06,-1.32764049947909,0.416,0.576,0.00122140562705862,"EGR4",13.1794430621695
"MA0906.2",2.09762196898868e-06,-1.26613210496158,0.435,0.586,0.0014452615366332,"HOXC12",14.2333685449088
"MA1561.2",2.69876741068736e-06,1.79825924840638,0.549,0.393,0.00185945074596359,"SOX12",13.1300359444095
"MA1131.2",2.78434646426886e-06,2.89113309045225,0.479,0.309,0.00191841471388124,"FOSL2::JUN",12.8575811000672
"MA0751.2",3.09978189243131e-06,2.22580876613675,0.523,0.356,0.00213574972388517,"ZIC4",13.4518934555612
"MA0866.1",3.13289092797186e-06,0.746143007384902,0.562,0.393,0.00215856184937261,"SOX21",23.3481679568641
"MA0767.2",3.25013844163357e-06,2.72400210677146,0.491,0.335,0.00223934538628553,"GCM2",10.6777283259062
"MA0484.3",3.37158802233439e-06,-0.84986747964322,0.511,0.66,0.00232302414738839,"HNF4G",12.1787508297689
"MA0599.1",3.49738306898583e-06,-1.40074188263056,0.441,0.592,0.00240969693453124,"KLF5",12.843026815284
"MA1135.2",3.58664674770232e-06,-1.48448472854,0.511,0.351,0.0024711996091669,"FOSB::JUNB",12.4156345936261
"MA0083.3",3.86773449789982e-06,1.65318028488331,0.52,0.366,0.00266486906905298,"SRF",20.8371511567039
"MA0465.3",4.8007975756842e-06,2.99095534268474,0.551,0.382,0.00330774952964642,"CDX2",11.1131003226789
"MA1101.3",4.82010379624485e-06,-1.38491167653112,0.518,0.372,0.0033210515156127,"BACH2",16.3526041491268
"MA0490.3",5.71067957974988e-06,-2.90177995139342,0.508,0.325,0.00393465823044767,"JUNB",12.5542430617509
"MA0656.2",7.96775450255419e-06,4.39066670656925,0.494,0.356,0.00548978285225983,"JDP2",17.1484687635396
"MA0864.3",8.81535099100321e-06,-1.12317145264702,0.437,0.576,0.00607377683280121,"E2F2",12.6707917888778
"MA1487.3",9.2023462162344e-06,0.654580132633908,0.503,0.377,0.0063404165429855,"FOXE1",14.7108056473265
"MA1537.2",1.0503796551662e-05,2.06481507603298,0.546,0.398,0.00723711582409513,"NR2F1",20.0813690253375
"MA2101.1",1.05609867051383e-05,-1.01715228811245,0.465,0.613,0.0072765198398403,"ZNF677",13.699148872033
"MA1155.1",1.1943008205704e-05,1.09063490976868,0.548,0.393,0.00822873265373005,"ZSCAN4",20.9819606369796
"MA1934.2",1.39168112785838e-05,0.976494547442387,0.497,0.377,0.00958868297094426,"ERF::FIGLA",17.9717738693086
"MA0069.1",1.46935463473141e-05,-1.17250666772917,0.471,0.597,0.0101238534332994,"PAX6",11.6466819108626
"MA1950.2",1.79058443062402e-05,-2.5928491395675,0.342,0.492,0.0123371267269995,"FLI1::FOXI1",12.8920599498983
"MA1107.3",2.25442917619249e-05,3.30064805424581,0.52,0.393,0.0155330170239662,"KLF9",13.4017880692137
"MA2003.2",2.75877901465348e-05,-0.792175925450294,0.491,0.618,0.0190079874109625,"NKX2-4",8.9255625206352
"MA1106.2",2.83754407573197e-05,2.45205781015896,0.486,0.356,0.0195506786817933,"HIF1A",9.95540900170334
"MA0041.3",2.89480288334791e-05,-1.18726126642436,0.454,0.586,0.0199451918662671,"FOXD3",11.304589525088
"MA0592.4",3.12118276481966e-05,-0.841634244872506,0.5,0.634,0.0215049492496075,"ESRRA",12.8721591241047
"MA1584.2",3.12348328209992e-05,2.82654935672055,0.513,0.356,0.0215207998136684,"ZIC5",18.9629108143275
"MA0047.4",3.21210657848662e-05,1.04219613740299,0.534,0.414,0.0221314143257728,"FOXA2",10.5231295698126
"MA2118.1",3.21210657848662e-05,1.04219613740299,0.534,0.414,0.0221314143257728,"FOXS1",10.548269276266
"MA0511.2",3.57795315755001e-05,-1.27976678574391,0.421,0.571,0.0246520972555196,"RUNX2",11.5274224688972
"MA1941.2",4.64150558817534e-05,3.29332429561391,0.474,0.372,0.0319799735025281,"ETV2::FIGLA",15.3295724190264
"MA0775.2",6.05192414769489e-05,2.10560740638933,0.542,0.445,0.0416977573776178,"MEIS3",8.83985560462033
"MA1556.1",6.3247921689861e-05,2.28601147604098,0.515,0.419,0.0435778180443142,"RXRG",17.8352284674549
"MA1512.2",6.55793710723874e-05,-1.37896099160144,0.426,0.518,0.0451841866688749,"KLF11",13.1163348691033
"MA0039.5",6.67517257756523e-05,4.92627223888044,0.463,0.366,0.0459919390594244,"KLF4",10.7988142134128
"MA1509.1",7.16930198331048e-05,-1.48377472227974,0.39,0.55,0.0493964906650092,"IRF6",14.0438890637499
"MA1127.1",7.20988534397734e-05,1.49471126958321,0.498,0.372,0.0496761100200038,"FOSB::JUN",12.7379814025813
"MA0469.4",8.83052356353065e-05,-0.710356047679713,0.449,0.576,0.0608423073527262,"E2F3",20.7679081955857
"MA0779.2",8.99836228336277e-05,-1.24929795933302,0.474,0.586,0.0619987161323695,"PAX1",19.4696311178506
"MA1975.2",0.000104682335471462,1.28787605921858,0.546,0.435,0.0721261291398372,"ZNF214",13.3171325377822
"MA1937.2",0.000107391749637529,-1.65206300754031,0.411,0.545,0.0739929155002576,"ERF::HOXB13",11.813850455823
"MA1149.2",0.000114418295091542,-0.794336472464034,0.488,0.628,0.0788342053180721,"RARA::RXRG",13.0080064429699
"MA0791.2",0.000129792109287161,-1.13755166443822,0.476,0.607,0.0894267632988539,"POU4F3",13.0962493066989
"MA1636.2",0.000129880747959726,2.28954244648387,0.499,0.346,0.0894878353442515,"CEBPG",13.296508125773
"MA0038.3",0.000132928628645796,-0.926868283832077,0.479,0.644,0.0915878251369532,"GFI1",15.325566644048
"MA0715.1",0.000144527067479493,-1.342090207984,0.456,0.586,0.0995791494933709,"PROP1",14.8803738425941
"MA0141.4",0.000169155972607201,-0.570145996770172,0.499,0.618,0.116548465126361,"ESRRB",16.0909877932387
"MA0847.4",0.000169269717870063,-0.745187064771,0.464,0.586,0.116626835612473,"FOXD2",13.9925796279634
"MA0865.3",0.000176700919033237,-1.5346388449696,0.421,0.534,0.1217469332139,"E2F8",10.5389796738411
"MA1139.2",0.000198617502799933,1.8982714432792,0.466,0.372,0.136847459429154,"FOSL2::JUNB",13.2654073862481
"MA0593.2",0.00026362755794232,0.967479894751174,0.524,0.403,0.181639387422259,"FOXP2",13.3107329794202
"MA0485.3",0.00030208287685705,-0.651210302900913,0.432,0.565,0.208135102154508,"HOXC9",14.1571119202715
"MA1579.2",0.000322494049902552,-1.19117866775125,0.514,0.613,0.222198400382858,"ZBTB26",11.3378325587512
"MA0154.5",0.000339569955401462,-1.13525047676175,0.563,0.67,0.233963699271607,"EBF1",12.8633163748724
"MA0160.3",0.000428495852598044,1.18507470981808,0.515,0.377,0.295233642440052,"NR4A2",11.0144167625819
"MA2327.1",0.000428767666968402,-1.13419823888803,0.477,0.597,0.295420922541229,"PGR",10.1927699480485
"MA1589.2",0.000459089798633063,-0.919824591637666,0.477,0.607,0.316312871258181,"ZNF140",22.3467385082089
"MA0660.1",0.000460250369256121,0.850777694866247,0.474,0.372,0.317112504417467,"MEF2B",18.2988363206411
"MA1552.2",0.000581700278463532,0.68913199208291,0.514,0.393,0.400791491861373,"RARB",15.5918069515458
"MA1132.2",0.000620814804735571,-3.2866162497587,0.493,0.377,0.427741400462808,"JUN::JUNB",9.23515829309208
"MA1557.1",0.000639498855504188,-1.29214037989505,0.441,0.56,0.440614711442385,"SMAD5",13.5178042819937
"MA1966.2",0.000709091370866392,1.74812510563942,0.481,0.372,0.488563954526944,"TFAP4::ETV1",14.4527541942374
"MA0009.2",0.000712574667337552,2.05865051844739,0.523,0.408,0.490963945795573,"TBXT",18.9310253032463
"MA0749.2",0.00078518993194024,-0.354918062743311,0.436,0.586,0.540995863106826,"ZBED1",18.7495033396818
"MA1520.2",0.000867239164193846,-1.01459225127785,0.477,0.586,0.59752778412956,"MAF",12.4620521111943
"MA1503.2",0.000956031763548806,-0.53924429375095,0.431,0.555,0.658705885085128,"HOXB9",13.2290022354162
"MA1963.2",0.00112961054948579,-0.399614905821846,0.492,0.581,0.778301668595711,"SATB1",11.9103708490388
"MA1494.2",0.00116626898241232,-1.11751008052152,0.499,0.597,0.80355932888209,"HNF4A",20.5905338785617
"MA0147.4",0.00138426358444482,-1.04823267280504,0.448,0.565,0.953757609682479,"MYC",10.9571522124953
"MA0003.5",0.336689415671575,0.12088106311849,0.531,0.503,1,"TFAP2A",11.4445382553503
"MA0014.4",0.00798119591724947,1.4861589522104,0.503,0.414,1,"PAX5",10.5513355072885
"MA0035.5",0.0118407740307869,1.16625116349052,0.494,0.424,1,"GATA1",9.78064500033959
"MA0046.3",0.245111973809995,-0.655461375226368,0.469,0.518,1,"HNF1A",15.7708828661374
"MA0052.5",0.00159461040059791,-1.12174701558276,0.432,0.555,1,"MEF2A",11.8401982960044
"MA0058.4",0.0193886096517956,-1.44493093343183,0.457,0.497,1,"MAX",10.8859799521683
"MA0063.3",0.106153517959977,0.46636718947999,0.511,0.455,1,"NKX2-5",10.1909462839861
"MA0066.2",0.745388771286689,-0.13083752424192,0.533,0.497,1,"PPARG",15.2790852013158
"MA0067.3",0.864702991203592,-0.268847295831391,0.477,0.466,1,"PAX2",16.9488096479687
"MA0089.3",0.0122130981519155,0.36622980533778,0.496,0.393,1,"MAFG::NFE2L1",17.0944564648214
"MA0106.3",0.196965918673018,-0.274058458313981,0.493,0.545,1,"TP53",20.64952660919
"MA0115.1",0.886167788653302,0.11309033861538,0.504,0.529,1,"NR1H2::RXRA",20.2722266432133
"MA0138.3",0.0294995404981342,0.691910733169063,0.562,0.497,1,"REST",22.724693471386
"MA0153.2",0.0201605062967225,-0.821588893955816,0.454,0.534,1,"HNF1B",16.2376040191889
"MA0159.1",0.03604814286087,0.810300655960693,0.514,0.482,1,"RARA::RXRA",11.5841149067717
"MA0163.1",0.259174819152804,0.385540320578988,0.536,0.455,1,"PLAG1",12.7751697345102
"MA0258.2",0.014584112291729,0.4507323704821,0.559,0.492,1,"ESR2",13.1025045698485
"MA0462.3",0.017415399626119,-4.1320042372895,0.504,0.424,1,"BATF::JUN",10.6770775671744
"MA0466.4",0.256064991471564,1.04232769792499,0.452,0.408,1,"CEBPB",16.0968939809102
"MA0468.1",0.00506038707636783,-0.363873957247125,0.47,0.55,1,"DUX4",15.0044690247947
"MA0479.2",0.00187843596028777,1.29025856741714,0.528,0.435,1,"FOXH1",13.3407911027723
"MA0501.2",0.00633605254565717,0.548506072446174,0.508,0.398,1,"MAF::NFE2",16.5461678546226
"MA0504.2",0.1083163019884,0.675528373401937,0.519,0.476,1,"NR2C2",15.749096003762
"MA0524.3",0.0914077299388311,-0.354346213808688,0.511,0.597,1,"TFAP2C",10.1551429512139
"MA0525.2",0.56150626875828,0.224974670316042,0.466,0.492,1,"TP63",24.229711485245
"MA0597.3",0.0633140329158799,0.428559985788919,0.587,0.56,1,"THAP1",10.6458475317474
"MA0616.3",0.344183051502776,-0.494565252793119,0.496,0.534,1,"HES2",11.977425702333
"MA0638.2",0.823656690943739,0.88782178473464,0.471,0.44,1,"CREB3",14.8625065009584
"MA0657.2",0.00199153498404667,-1.23032912368711,0.426,0.492,1,"KLF13",20.1556814406472
"MA0679.3",0.171654380533226,-1.32943681485349,0.495,0.524,1,"ONECUT1",13.2546499329738
"MA0684.3",0.371510887543859,-0.116979745192643,0.472,0.503,1,"RUNX3",10.1667320276789
"MA0695.2",0.400145609728912,-0.169470421694204,0.448,0.476,1,"ZBTB7C",9.64132254288811
"MA0730.1",0.113549551249749,0.578067278259588,0.548,0.503,1,"RARA",22.6111580460369
"MA0736.1",0.0337582865135112,0.568324064514913,0.531,0.482,1,"GLIS2",16.7204772881984
"MA0737.1",0.641253319136694,0.562228389453106,0.519,0.518,1,"GLIS3",20.4098418845371
"MA0752.2",0.0216694987735606,0.973784193111487,0.526,0.476,1,"ZNF410",24.3418510465044
"MA0753.3",0.58450698099598,0.218401595271929,0.541,0.55,1,"ZNF740",14.3500320873139
"MA0754.3",0.187171526238501,0.543803814247094,0.479,0.419,1,"CUX1",12.2585030426373
"MA0755.2",0.146087885589852,0.649001052719906,0.482,0.419,1,"CUX2",11.532990678287
"MA0756.3",0.0222528319210809,1.03667949248852,0.496,0.398,1,"ONECUT2",12.4540302445378
"MA0757.2",0.19807692999935,-0.190546584615285,0.48,0.529,1,"ONECUT3",16.6997063846103
"MA0769.3",0.235552311323639,-0.222521191801388,0.532,0.455,1,"TCF7",10.6108504704107
"MA0773.1",0.146321255564296,-0.327699671457064,0.474,0.455,1,"MEF2D",18.4567052008793
"MA0776.1",0.00450921862274797,-0.688601262916282,0.433,0.503,1,"MYBL1",15.2125410267056
"MA0781.2",0.131134819191668,-0.401477830164375,0.491,0.503,1,"PAX9",22.0290791910875
"MA0790.2",0.408196859833453,-0.375996716326966,0.496,0.529,1,"POU4F1",12.7031974131033
"MA0794.1",0.0196077301379331,-0.226563957162684,0.452,0.539,1,"PROX1",16.8866246501176
"MA0804.2",0.113626277965568,1.15540375351818,0.506,0.461,1,"TBX19",16.9741716785561
"MA0810.2",0.0631229135865615,0.865032002724188,0.506,0.429,1,"TFAP2A",10.5176919023952
"MA0811.2",0.229957818787288,-0.150989354124286,0.515,0.581,1,"TFAP2B",10.5606646774567
"MA0812.2",0.709416362199202,-0.111347568186773,0.506,0.545,1,"TFAP2B",12.1412662883379
"MA0813.1",0.848471189576471,0.573096526645569,0.519,0.503,1,"TFAP2B",14.1899512920293
"MA0814.3",0.766477481458902,-0.190491043719644,0.545,0.492,1,"TFAP2C",11.357218502844
"MA0815.1",0.938557160569662,0.612622936723948,0.494,0.524,1,"TFAP2C",14.4064808946102
"MA0822.1",0.00307617865963356,0.710718297403275,0.544,0.429,1,"HES7",19.6626166593926
"MA0823.1",0.857041420613713,0.495785380843499,0.501,0.476,1,"HEY1",12.2279711027242
"MA0825.2",0.0193886096517956,-1.44493093343183,0.457,0.497,1,"MNT",10.5836868041559
"MA0834.2",0.854666392896336,0.42443578743043,0.446,0.455,1,"ATF7",16.9634577509309
"MA0835.3",0.017415399626119,-4.1320042372895,0.504,0.424,1,"BATF3",10.9926226812099
"MA0837.3",0.095848551194254,0.989007080389497,0.45,0.424,1,"CEBPE",15.856819151134
"MA0838.1",0.322266021699358,0.394006810806301,0.447,0.424,1,"CEBPG",14.6521426798431
"MA0839.2",0.26031212562808,-0.118323104458658,0.466,0.403,1,"CREB3L1",16.9526602189387
"MA0842.3",0.112708248231621,0.65093772867429,0.494,0.445,1,"NRL",14.8362390934437
"MA0844.2",0.0174710557105239,0.758774374831236,0.467,0.382,1,"XBP1",14.736838539791
"MA0855.1",0.458697677191181,0.232718216665182,0.484,0.529,1,"RXRB",23.0533368338816
"MA0856.1",0.827060474326163,0.158742379416767,0.491,0.518,1,"RXRG",22.3234828792239
"MA0861.2",0.407720602063788,0.165504760113545,0.493,0.508,1,"TP73",16.9249618491878
"MA0863.1",0.314681542510198,0.181874740324302,0.503,0.445,1,"MTF1",17.9609146326499
"MA0872.1",0.0280742111401144,-0.254383010280381,0.516,0.576,1,"TFAP2A",13.9802862584299
"MA0878.3",0.00212038993001738,-0.866397075744892,0.481,0.597,1,"CDX1",13.8279337452505
"MA0884.2",0.220190432332925,-0.707646311580388,0.483,0.503,1,"DUXA",15.3397419097865
"MA1111.2",0.00165636151064842,1.38407319427689,0.523,0.461,1,"NR2F2",10.9086956768003
"MA1112.3",0.00559041401202917,1.08368503038902,0.525,0.435,1,"NR4A1",11.9826261172228
"MA1113.3",0.677275827970282,0.154111103670754,0.499,0.476,1,"PBX2",11.7073107427921
"MA1129.1",0.786835216235658,0.416867938463757,0.464,0.445,1,"FOSL1::JUN",10.1855091342689
"MA1133.2",0.232578637838442,0.576943584129906,0.473,0.403,1,"JUN::JUNB",10.9167798468415
"MA1136.1",0.0597863353597593,0.772537853852097,0.461,0.372,1,"FOSB::JUNB",11.0720265778947
"MA1140.3",0.00525903890846853,-0.926038476170645,0.434,0.518,1,"JUNB",16.9941873565174
"MA1146.2",0.00445015745646735,-0.910434438456823,0.489,0.613,1,"NR1H4::RXRA",12.4548071835707
"MA1147.2",0.00601101153511888,-1.04584484084223,0.489,0.539,1,"NR4A2::RXRA",13.9016276128501
"MA1154.2",0.00993594911698594,-0.632032159582903,0.466,0.55,1,"ZNF282",19.9033460361002
"MA1466.2",0.369086350781612,0.821793703168959,0.476,0.461,1,"ATF6",18.8898138690689
"MA1471.2",0.814117827528056,0.160683887466827,0.499,0.529,1,"BARX2",10.0202295307601
"MA1473.2",0.234955434410768,0.563556789236809,0.498,0.482,1,"CDX4",13.8062408236866
"MA1474.2",0.736625100986584,-0.43361447959965,0.456,0.466,1,"CREB3L4",10.6514308205455
"MA1493.1",0.00180085581738592,1.15862439269157,0.516,0.387,1,"HES6",13.8666261946872
"MA1496.2",0.561619608463852,-0.357006116003286,0.499,0.524,1,"HOXA4",8.01544002294053
"MA1506.2",0.00768800288892235,-0.217710412782123,0.454,0.565,1,"HOXD10",14.531693534845
"MA1514.2",0.836503117324941,-0.101924933873965,0.519,0.518,1,"KLF17",16.3822639689345
"MA1515.2",0.119737777717732,-0.276595576903476,0.398,0.335,1,"KLF2",9.67702060054813
"MA1521.2",0.952207314323627,-0.225768518156535,0.486,0.466,1,"MAFA",12.1972371813732
"MA1533.2",0.684177952785863,-0.223609843492438,0.491,0.492,1,"NR1I2",13.6307889682101
"MA1538.1",0.445353087845498,-0.4172291072533,0.496,0.529,1,"NR2F1",18.3406879211824
"MA1539.1",0.00150682091900327,-1.07254574942723,0.484,0.55,1,"NR2F6",20.5334500919716
"MA1541.2",0.490372721704133,0.234119006059879,0.516,0.524,1,"NR6A1",15.2716852076905
"MA1544.2",0.203163071018503,-0.15436444640528,0.467,0.524,1,"OVOL1",14.5203250624084
"MA1545.2",0.81607566887657,0.447205662297868,0.454,0.476,1,"OVOL2",11.9061115700822
"MA1546.2",0.452199760377288,-0.302993389442733,0.47,0.508,1,"PAX3",14.5627426905153
"MA1548.2",0.00560197014220218,-0.919354872793348,0.536,0.613,1,"PLAGL2",11.8944939749778
"MA1550.2",0.0928039006093426,-0.386978338139231,0.481,0.539,1,"PPARD",20.0379460237395
"MA1555.1",0.431937030112237,0.426491219679563,0.488,0.45,1,"RXRB",16.2454764579152
"MA1560.2",0.514364377169954,-0.1277905499192,0.499,0.44,1,"SOHLH2",11.0709333631404
"MA1569.2",0.336013418298169,0.4731817299093,0.531,0.539,1,"TFAP2E",11.6241793515294
"MA1574.2",0.0304538588359556,1.19875043427727,0.516,0.466,1,"THRB",15.7969958316707
"MA1581.2",0.0733350086512728,-0.803748089784195,0.537,0.581,1,"ZBTB6",11.870091396987
"MA1583.2",0.0608664522908695,-0.879532123766485,0.444,0.482,1,"ZFP57",11.2683769388972
"MA1592.2",0.340423022260648,-0.501800662161895,0.501,0.55,1,"ZNF274",16.5367713077309
"MA1634.2",0.017415399626119,-4.1320042372895,0.504,0.424,1,"BATF",10.4796542325763
"MA1637.2",0.0227292837533096,-0.50043198236365,0.539,0.581,1,"EBF3",11.926490554596
"MA1640.2",0.120298601318108,-0.181118541313976,0.508,0.565,1,"MEIS2",11.4571359060497
"MA1645.2",0.516535782488602,-0.130084355683571,0.516,0.482,1,"NKX2-2",10.6422684860041
"MA1652.2",0.746407008792423,-0.176202129048462,0.403,0.403,1,"ZKSCAN5",13.0001294029522
"MA1654.2",0.0441150510589254,-0.849183652639219,0.539,0.602,1,"ZNF16",24.2958697915713
"MA1655.2",0.0391834244240696,-0.343491757681927,0.487,0.529,1,"ZNF341",10.5387092826484
"MA1710.2",0.824965449589879,-0.28009415288737,0.506,0.497,1,"ZNF257",13.2226187186327
"MA1715.1",0.216605500661945,-0.526350361021866,0.507,0.56,1,"ZNF707",20.4002096492258
"MA1717.2",0.0153200222982409,0.928735736914946,0.479,0.414,1,"ZNF784",11.7889424191285
"MA1719.2",0.0125243249884792,0.925651498786668,0.566,0.482,1,"ZNF816",15.9269733099274
"MA1721.2",0.173453295214266,-0.87378757605197,0.414,0.482,1,"ZNF93",15.4652515602927
"MA1728.2",0.00794549181226013,-0.643962720054334,0.583,0.654,1,"ZNF549",10.9673239769254
"MA1928.2",0.017415399626119,-4.1320042372895,0.504,0.424,1,"BNC2",10.392579836547
"MA1938.2",0.0501881732468438,0.676775368487513,0.479,0.419,1,"ERF::NHLH1",20.0329327253508
"MA1942.2",0.675923209222059,-1.96834532400392,0.309,0.33,1,"ETV2::FOXI1",12.245140091582
"MA1946.2",0.901856313618927,-0.731869851350181,0.368,0.372,1,"ETV5::FOXI1",13.7425547482307
"MA1947.2",0.249992546617872,-0.224092394295953,0.451,0.476,1,"ETV5::FOXO1",11.1904555240634
"MA1948.2",0.0023707012018653,-0.819364917789464,0.426,0.508,1,"ETV5::HOXA2",13.7177387806954
"MA1951.2",0.941098589246206,0.269054814029921,0.46,0.44,1,"FOS",17.2451867476675
"MA1953.2",0.494718587199538,0.565415871622891,0.404,0.387,1,"FOXO1::ELF1",13.037607963472
"MA1954.2",0.243069983411805,1.89919025486491,0.336,0.293,1,"FOXO1::ELK1",14.9456837396786
"MA1958.2",0.00146887239864222,-1.46345131047946,0.396,0.492,1,"HOXD12::ELK1",20.1430180598099
"MA1960.2",0.0408443014832161,-1.06950743153049,0.48,0.529,1,"MGA::EVX1",13.7933651106238
"MA1964.2",0.0313286918171927,-0.892706287742191,0.495,0.55,1,"SMAD2",10.5506386918483
"MA1965.2",0.0144622909020064,-0.79518054277614,0.489,0.586,1,"SP5",11.5914358309662
"MA1977.2",0.611351294169073,0.347811162746776,0.497,0.545,1,"ZNF324",15.7098613909125
"MA1978.2",0.0816288051358667,0.385665966327873,0.484,0.419,1,"ZNF354A",11.6294911958998
"MA1985.1",0.660870539105587,-0.101312896240819,0.471,0.476,1,"ZNF669",15.7260204473211
"MA1986.2",0.0882888212227844,-0.921070289386208,0.554,0.565,1,"ZNF692",12.0929348438921
"MA2094.1",0.453616718011602,0.281378697534642,0.471,0.471,1,"PAX8",16.0421380985403
"MA2096.1",0.0139773882755007,0.773049746967102,0.457,0.372,1,"ZNF524",12.0660511080213
"MA2099.1",0.0514028419481588,0.788927491876703,0.495,0.455,1,"ZNF770",11.5479768918658
"MA2102.1",0.621527163036003,-0.329350197549564,0.442,0.471,1,"ZBTB17",9.47097286523376
"MA2325.1",0.278904811080827,0.426326581176184,0.474,0.429,1,"EPAS1",11.402380873857
"MA2330.1",0.559241800647489,-0.405834092648482,0.546,0.581,1,"ZBTB24",9.61419764600314
