"motif_id","motif_name","ic_score"
"MA0069.1","PAX6",11.6466819108626
"MA0071.1","RORA",9.57425754552089
"MA0074.1","RXRA::VDR",10.4662179160218
"MA0107.1","RELA",9.69235710983811
"MA0115.1","NR1H2::RXRA",20.2722266432133
"MA0119.1","NFIC::TLX1",12.5082117681093
"MA0149.1","EWSR1-FLI1",30.0530883980234
"MA0155.1","INSM1",10.6184217895633
"MA0159.1","RARA::RXRA",11.5841149067717
"MA0163.1","PLAG1",12.7751697345102
"MA0468.1","DUX4",15.0044690247947
"MA0258.2","ESR2",13.1025045698485
"MA0595.1","SREBF1",11.4945367553235
"MA0596.1","SREBF2",11.2145344481635
"MA0599.1","KLF5",12.843026815284
"MA0613.1","FOXG1",13.1850778170682
"MA0636.1","BHLHE41",15.4530497569842
"MA0641.1","ELF4",16.089777596487
"MA0042.2","FOXI1",11.5934007918726
"MA0033.2","FOXL1",10.5988680191531
"MA0153.2","HNF1B",16.2376040191889
"MA0486.2","HSF1",18.6103250823677
"MA0653.1","IRF9",24.7480896572174
"MA0655.1","JDP2",15.0056446982471
"MA0660.1","MEF2B",18.2988363206411
"MA0663.1","MLX",14.2859988179401
"MA0665.1","MSC",13.1873156699473
"MA0667.1","MYF6",14.2655628999294
"MA0669.1","NEUROG2",14.1462818187763
"MA0678.1","OLIG2",12.8750300095305
"MA0068.2","PAX4",9.22181960132683
"MA0083.3","SRF",20.8371511567039
"MA0009.2","TBXT",18.9310253032463
"MA0689.1","TBX20",13.6330822816549
"MA0691.1","TFAP4",14.1010169335163
"MA0696.1","ZIC1",18.7668938563859
"MA0713.1","PHOX2A",12.0579961572048
"MA0715.1","PROP1",14.8803738425941
"MA0724.1","VENTX",11.0390280027628
"MA0729.1","RARA",27.6189653346936
"MA0730.1","RARA",22.6111580460369
"MA0731.1","BCL6B",28.4560671328694
"MA0472.2","EGR2",15.2128058772618
"MA0736.1","GLIS2",16.7204772881984
"MA0737.1","GLIS3",20.4098418845371
"MA0741.1","KLF16",13.0854883701205
"MA0088.2","ZNF143",21.9016502759138
"MA0758.1","E2F7",23.8964206861673
"MA0770.1","HSF2",17.1661147172974
"MA0771.1","HSF4",13.6187541131283
"MA0773.1","MEF2D",18.4567052008793
"MA0774.1","MEIS2",10.8769570973789
"MA0776.1","MYBL1",15.2125410267056
"MA0777.1","MYBL2",16.6594107009053
"MA0105.4","NFKB1",20.5025861295807
"MA0780.1","PAX3",15.4060193557624
"MA0783.1","PKNOX2",21.0332083927309
"MA0787.1","POU3F2",13.6856954414513
"MA0788.1","POU3F3",13.4076028191331
"MA0789.1","POU3F4",13.3671898287405
"MA0792.1","POU5F1B",10.5499480121323
"MA0794.1","PROX1",16.8866246501176
"MA0795.1","SMAD3",15.5666700286229
"MA0796.1","TGIF1",22.2578641533435
"MA0797.1","TGIF2",18.364672485988
"MA0511.2","RUNX2",11.5274224688972
"MA0801.1","MGA",10.8283507912016
"MA0803.1","TBX15",13.2937444914944
"MA0805.1","TBX1",12.8109898020376
"MA0806.1","TBX4",9.88563774716676
"MA0807.1","TBX5",8.43665291313441
"MA0808.1","TEAD3",11.4970557999564
"MA0813.1","TFAP2B",14.1899512920293
"MA0815.1","TFAP2C",14.4064808946102
"MA0822.1","HES7",19.6626166593926
"MA0823.1","HEY1",12.2279711027242
"MA0826.1","OLIG1",14.6475083930651
"MA0827.1","OLIG3",11.3877601475502
"MA0838.1","CEBPG",14.6521426798431
"MA0845.1","FOXB1",12.2257555806231
"MA0032.2","FOXC1",11.86908595709
"MA0848.1","FOXO4",10.6413992094746
"MA0849.1","FOXO6",11.9683854721416
"MA0850.1","FOXP3",8.22299096935607
"MA0855.1","RXRB",23.0533368338816
"MA0856.1","RXRG",22.3234828792239
"MA0525.2","TP63",24.229711485245
"MA0106.3","TP53",20.64952660919
"MA0862.1","GMEB2",9.52467562921646
"MA0863.1","MTF1",17.9609146326499
"MA0024.3","E2F1",12.8766243673134
"MA0866.1","SOX21",23.3481679568641
"MA0872.1","TFAP2A",13.9802862584299
"MA1124.1","ZNF24",17.3892622181318
"MA1155.1","ZSCAN4",20.9819606369796
"MA1127.1","FOSB::JUN",12.7379814025813
"MA1129.1","FOSL1::JUN",10.1855091342689
"MA1136.1","FOSB::JUNB",11.0720265778947
"MA1420.1","IRF5",14.8449760349389
"MA1421.1","TCF7L1",15.8815808268455
"MA1468.1","ATOH7",10.6782972148152
"MA1485.1","FERD3L",18.0549295940594
"MA1489.1","FOXN3",14.0980948216733
"MA1493.1","HES6",13.8666261946872
"MA1509.1","IRF6",14.0438890637499
"MA1538.1","NR2F1",18.3406879211824
"MA1539.1","NR2F6",20.5334500919716
"MA1555.1","RXRB",16.2454764579152
"MA1556.1","RXRG",17.8352284674549
"MA1557.1","SMAD5",13.5178042819937
"MA1570.1","TFAP4",10.2397126153373
"MA1571.1","TGIF2LX",13.8906059982232
"MA1572.1","TGIF2LY",12.5842044365458
"MA1580.1","ZBTB32",14.6530694235306
"MA1587.1","ZNF135",17.7722356572165
"MA1588.1","ZNF136",17.8520161373295
"MA1594.1","ZNF382",26.1704324971851
"MA1596.1","ZNF460",20.2578051430695
"MA1597.1","ZNF528",21.5522572741105
"MA0158.2","HOXA5",10.1206966392475
"MA0912.2","HOXD3",11.7241471049509
"MA0623.2","NEUROG1",13.7283627233698
"MA2093.1","HOXB1",9.19810812631025
"MA2094.1","PAX8",16.0421380985403
"MA2096.1","ZNF524",12.0660511080213
"MA1715.1","ZNF707",20.4002096492258
"MA2097.1","ZNF75A",16.4146630820165
"MA2098.1","ZNF766",12.9269925160593
"MA2099.1","ZNF770",11.5479768918658
"MA1718.1","ZNF8",25.0792232042271
"MA2100.1","ZSCAN16",31.0022113751436
"MA2101.1","ZNF677",13.699148872033
"MA2102.1","ZBTB17",9.47097286523376
"MA1931.1","ELK1::HOXA1",15.5207962734268
"MA1957.1","HOXB2::ELK1",17.0760897765522
"MA1962.1","POU2F1::SOX2",19.9644439991034
"MA1972.1","ZFP14",15.0204495012652
"MA1980.1","ZNF418",17.5499429240643
"MA1985.1","ZNF669",15.7260204473211
"MA2117.1","FOXP4",9.48716720203484
"MA2118.1","FOXS1",10.548269276266
"MA2119.1","HOXA3",9.80198059807145
"MA2120.1","ZNF184",12.5727918117006
"MA2121.1","ZNF213",11.6773314977242
"MA0079.5","SP1",14.163556667763
"MA0509.3","RFX1",23.0829503576261
"MA0516.3","SP2",13.5320578677407
"MA0607.2","BHLHA15",13.7181894570574
"MA0685.2","SP4",14.1600293222843
"MA0740.2","KLF14",13.4455405969179
"MA0742.2","KLF12",14.312954472609
"MA0798.3","RFX3",23.0650314778116
"MA0818.2","BHLHE22",13.3804921499021
"MA0821.2","HES5",10.3837301773153
"MA0831.3","TFE3",15.3875378842124
"MA0878.3","CDX1",13.8279337452505
"MA0884.2","DUXA",15.3397419097865
"MA1511.2","KLF10",13.8754218202365
"MA1532.2","NR1D2",21.0976482341723
"MA1547.2","PITX2",12.0556890930376
"MA1563.2","SOX18",9.78637529748179
"MA1601.2","ZNF75D",16.0170649205833
"MA1633.2","BACH1",14.1078254777869
"MA2324.1","BCL11A",9.31073014479817
"MA2325.1","EPAS1",11.402380873857
"MA2326.1","IKZF2",11.2215930161247
"MA2327.1","PGR",10.1927699480485
"MA2328.1","ZBED4",11.6005324514036
"MA2329.1","ZBTB11",12.4741848636609
"MA2330.1","ZBTB24",9.61419764600314
"MA2331.1","ZNF157",23.3946935734119
"MA2332.1","ZNF175",10.9939778405997
"MA2333.1","ZNF35",8.64899532283692
"MA2334.1","ZNF547",16.494883415309
"MA2335.1","ZNF558",31.8707764150948
"MA2336.1","ZSCAN21",9.43674565857053
"MA2341.1","FEZF2",10.3026228669435
"MA0690.3","TBX21",13.327007355281
"MA1463.2","ARGFX",11.7883575472015
"MA0259.2","ARNT::HIF1A",8.13530385380971
"MA1464.2","ARNT2",12.1897260862913
"MA1100.3","ASCL1",9.27984313594012
"MA1631.2","ASCL1",11.7242071160489
"MA1632.2","ATF2",13.7129682956295
"MA0605.3","ATF3",17.0541878160233
"MA0833.3","ATF4",14.631026134923
"MA1466.2","ATF6",18.8898138690689
"MA0834.2","ATF7",16.9634577509309
"MA0496.4","MAFK",12.2073167618844
"MA1101.3","BACH2",16.3526041491268
"MA1470.2","BACH2",21.6361923168732
"MA0877.4","BARHL1",9.6805199479539
"MA0635.2","BARHL2",8.02506856168212
"MA0875.2","BARX1",8.73670989920316
"MA1471.2","BARX2",10.0202295307601
"MA1634.2","BATF",10.4796542325763
"MA0462.3","BATF::JUN",10.6770775671744
"MA0488.2","JUN",14.7011108723641
"MA0835.3","BATF3",10.9926226812099
"MA0463.3","BCL6",16.0876411935726
"MA1635.2","BHLHE22",11.7815393405961
"MA0817.2","BHLHE23",14.6817273745541
"MA0464.3","BHLHE40",12.3595707912497
"MA1928.2","BNC2",10.392579836547
"MA0876.2","BSX",8.28580322293493
"MA0465.3","CDX2",11.1131003226789
"MA1473.2","CDX4",13.8062408236866
"MA0102.5","CEBPA",12.1449053434989
"MA0466.4","CEBPB",16.0968939809102
"MA0836.3","CEBPD",11.4932904713808
"MA0837.3","CEBPE",15.856819151134
"MA1636.2","CEBPG",13.296508125773
"MA0819.3","CLOCK",10.4030449729438
"MA0018.5","CREB1",11.2203127546615
"MA0638.2","CREB3",14.8625065009584
"MA0839.2","CREB3L1",16.9526602189387
"MA1474.2","CREB3L4",10.6514308205455
"MA1475.2","CREB3L4",10.5559268353076
"MA0609.3","CREM",11.4976000707847
"MA0139.2","CTCF",16.0315188355961
"MA1929.2","CTCF",17.7816245186018
"MA1930.2","CTCF",20.6439501863088
"MA1102.3","CTCFL",11.6748480234811
"MA0754.3","CUX1",12.2585030426373
"MA0901.3","HOXB13",12.5080409861653
"MA0755.2","CUX2",11.532990678287
"MA0639.2","DBP",13.6522550670605
"MA0879.3","DLX1",8.1059122708504
"MA0882.2","DLX6",8.21339747793426
"MA0610.2","DMRT3",10.3741213602338
"MA1707.2","DMRTA1",10.4586896641777
"MA1479.2","DMRTC2",11.9266025042642
"MA1480.2","DPRX",10.3802078657342
"MA1481.2","DRGX",8.95370402330545
"MA0864.3","E2F2",12.6707917888778
"MA0469.4","E2F3",20.7679081955857
"MA0756.3","ONECUT2",12.4540302445378
"MA0470.3","E2F4",14.5348930472404
"MA0471.3","E2F6",11.2746994080866
"MA0865.3","E2F8",10.5389796738411
"MA0154.5","EBF1",12.8633163748724
"MA1637.2","EBF3",11.926490554596
"MA0162.5","EGR1",11.5089480128741
"MA0732.2","EGR3",17.5906181997587
"MA0733.2","EGR4",13.1794430621695
"MA0598.4","EHF",11.3558358512277
"MA0473.4","ELF1",12.3511127544198
"MA1483.3","ELF2",12.9337726694878
"MA0640.3","ELF3",11.2970437859535
"MA0028.3","ELK1",14.2190690852248
"MA0800.2","EOMES",11.8672786143864
"MA1708.2","ETV7",10.920188911961
"MA1495.2","HOXA1",8.24121815786303
"MA1932.2","ELK1::HOXB13",18.867506842948
"MA0779.2","PAX1",19.4696311178506
"MA0014.4","PAX5",10.5513355072885
"MA0781.2","PAX9",22.0290791910875
"MA0686.2","SPDEF",14.2960631863227
"MA1933.2","ELK1::SREBF2",18.153789921418
"MA0828.3","SREBF2",17.096050448147
"MA0843.2","TEF",14.3556038006547
"MA0759.3","ELK3",13.9828090379325
"MA0076.3","ELK4",12.675392372354
"MA0612.3","EMX1",10.2257750313434
"MA0886.2","EMX2",9.86399754064554
"MA0027.3","EN1",9.05281989131869
"MA0642.3","EN2",8.94449959601543
"MA0760.2","ERF",12.1472276124472
"MA1934.2","ERF::FIGLA",17.9717738693086
"MA0820.2","FIGLA",9.43018287607402
"MA1935.2","ERF::FOXI1",9.35420611899294
"MA1936.2","ERF::FOXO1",12.6208450789964
"MA1937.2","ERF::HOXB13",11.813850455823
"MA0058.4","MAX",10.8859799521683
"MA1938.2","ERF::NHLH1",20.0329327253508
"MA0048.3","NHLH1",12.842267112459
"MA1939.2","ERF::SREBF2",20.3149948587476
"MA0112.4","ESR1",21.6014298896779
"MA0592.4","ESRRA",12.8721591241047
"MA0141.4","ESRRB",16.0909877932387
"MA0644.3","ESX1",9.96807764722104
"MA0098.4","ETS1",11.9659740164377
"MA1484.2","ETS2",13.2539906227187
"MA0761.3","ETV1",11.605431147837
"MA0762.2","ETV2",14.0077319896532
"MA1940.2","ETV2::DRGX",13.9437846953249
"MA1941.2","ETV2::FIGLA",15.3295724190264
"MA1942.2","ETV2::FOXI1",12.245140091582
"MA1943.2","ETV2::HOXB13",15.6642306659621
"MA0763.2","ETV3",11.0181752480161
"MA0764.4","ETV4",11.4972908368204
"MA0765.4","ETV5",14.1392543325267
"MA1944.2","ETV5::DRGX",12.932217302222
"MA1945.2","ETV5::FIGLA",17.2960158400551
"MA1946.2","ETV5::FOXI1",13.7425547482307
"MA1947.2","ETV5::FOXO1",11.1904555240634
"MA1948.2","ETV5::HOXA2",13.7177387806954
"MA0900.3","HOXA2",10.5243152509132
"MA0645.2","ETV6",12.1577632482671
"MA0156.4","FEV",14.3980730958755
"MA0475.3","FLI1",13.1531679112959
"MA1949.2","FLI1::DRGX",13.8671280340017
"MA1950.2","FLI1::FOXI1",12.8920599498983
"MA0476.2","FOS",12.9835961677482
"MA1951.2","FOS",17.2451867476675
"MA0099.4","FOS::JUN",11.5322378306675
"MA1126.2","FOS::JUN",9.58774644618286
"MA1134.2","FOS::JUNB",12.7693941916343
"MA1140.3","JUNB",16.9941873565174
"MA0490.3","JUNB",12.5542430617509
"MA1141.2","FOS::JUND",12.9558526121084
"MA0492.2","JUND",14.6830127398419
"MA0491.3","JUND",12.7290332825706
"MA1135.2","FOSB::JUNB",12.4156345936261
"MA0477.3","FOSL1",12.4980687346343
"MA1128.2","FOSL1::JUN",11.9749141367931
"MA1137.2","FOSL1::JUNB",8.96341915556972
"MA0478.2","FOSL2",13.8804347535205
"MA1130.2","FOSL2::JUN",11.9048091188368
"MA1131.2","FOSL2::JUN",12.8575811000672
"MA1138.2","FOSL2::JUNB",12.6603125195665
"MA1139.2","FOSL2::JUNB",13.2654073862481
"MA1144.2","FOSL2::JUND",12.6250908886507
"MA1145.2","FOSL2::JUND",12.7453872282937
"MA0148.5","FOXA1",10.9656632312788
"MA0047.4","FOXA2",10.5231295698126
"MA1683.2","FOXA3",9.7659076808572
"MA0846.2","FOXC2",11.3559719197297
"MA0031.2","FOXD1",8.12931473258246
"MA0847.4","FOXD2",13.9925796279634
"MA0041.3","FOXD3",11.304589525088
"MA1487.3","FOXE1",14.7108056473265
"MA0030.2","FOXF2",10.1465998787713
"MA0479.2","FOXH1",13.3407911027723
"MA1952.2","FOXJ2::ELF1",11.8691427125191
"MA0682.3","PITX1",10.9222293741071
"MA0852.3","FOXK1",10.645094948993
"MA1103.3","FOXK2",9.78139813290486
"MA1953.2","FOXO1::ELF1",13.037607963472
"MA1954.2","FOXO1::ELK1",14.9456837396786
"MA1955.2","FOXO1::ELK3",14.3995561957123
"MA1956.2","FOXO1::FLI1",17.4060509860029
"MA0481.4","FOXP1",9.72085053177704
"MA0593.2","FOXP2",13.3107329794202
"MA0062.4","GABPA",11.6638628499349
"MA0035.5","GATA1",9.78064500033959
"MA0140.3","GATA1::TAL1",14.1606715935525
"MA0036.4","GATA2",10.6282794550274
"MA0482.3","GATA4",10.8718969543491
"MA0766.3","GATA5",11.2596552939013
"MA1104.3","GATA6",10.7351121491379
"MA0889.2","GBX1",10.4176480985704
"MA0890.2","GBX2",9.64758286579431
"MA0646.2","GCM1",12.9005238297764
"MA0143.5","SOX2",9.81325340512393
"MA0767.2","GCM2",10.6777283259062
"MA0038.3","GFI1",15.325566644048
"MA1491.3","GLI3",22.2338240780884
"MA0735.2","GLIS1",25.101898502918
"MA0647.2","GRHL1",13.8407369651652
"MA1105.3","GRHL2",10.9777763100754
"MA0648.2","GSC",9.0400205945202
"MA0893.3","GSX2",8.46782338560145
"MA0522.4","TCF3",10.1095259319981
"MA1638.2","HAND2",11.0586189303396
"MA1099.3","HES1",10.4924941692682
"MA0616.3","HES2",11.977425702333
"MA0894.2","HESX1",10.1747725521649
"MA0649.2","HEY2",11.7115760395123
"MA1106.2","HIF1A",9.95540900170334
"MA0131.3","HINFP",11.8334580556276
"MA0043.4","HLF",13.0949280152267
"MA0895.2","HMBOX1",8.80182132256846
"MA0046.3","HNF1A",15.7708828661374
"MA1494.2","HNF4A",20.5905338785617
"MA0114.5","HNF4A",12.063300585748
"MA0484.3","HNF4G",12.1787508297689
"MA0899.2","HOXA10",9.0049570611362
"MA1496.2","HOXA4",8.01544002294053
"MA0902.3","HOXB2",9.16236268772219
"MA1566.3","TBX3",12.6437931670994
"MA1499.2","HOXB4",9.88628135866956
"MA0904.3","HOXB5",9.02825642655971
"MA1501.2","HOXB7",10.0548138196998
"MA1502.2","HOXB8",9.59482153901614
"MA1503.2","HOXB9",13.2290022354162
"MA0905.2","HOXC10",10.9476551998891
"MA0651.3","HOXC11",16.2587743780595
"MA0906.2","HOXC12",14.2333685449088
"MA0907.2","HOXC13",13.8991919324045
"MA1504.2","HOXC4",9.31205440082388
"MA0485.3","HOXC9",14.1571119202715
"MA1506.2","HOXD10",14.531693534845
"MA0908.2","HOXD11",11.7206984874158
"MA0873.2","HOXD12",13.8346960403106
"MA1958.2","HOXD12::ELK1",20.1430180598099
"MA1507.2","HOXD4",9.55404444640025
"MA0910.3","HOXD8",9.64493574982883
"MA0913.3","HOXD9",12.4366323995262
"MA1508.2","IKZF1",10.9245348478138
"MA0051.2","IRF2",11.4681951896206
"MA1418.2","IRF3",23.1758682470605
"MA1419.2","IRF4",22.94400312787
"MA0772.2","IRF7",17.2547935514417
"MA0652.2","IRF8",22.3213427919537
"MA0654.2","ISX",10.2735945000118
"MA0656.2","JDP2",17.1484687635396
"MA1132.2","JUN::JUNB",9.23515829309208
"MA1133.2","JUN::JUNB",10.9167798468415
"MA0493.3","KLF1",12.7858197783526
"MA1512.2","KLF11",13.1163348691033
"MA0657.2","KLF13",20.1556814406472
"MA1513.2","KLF15",13.621901522179
"MA1514.2","KLF17",16.3822639689345
"MA1515.2","KLF2",9.67702060054813
"MA1516.2","KLF3",14.0852514845375
"MA0039.5","KLF4",10.7988142134128
"MA1517.2","KLF6",11.1053465740102
"MA1959.2","KLF7",12.346188848151
"MA1107.3","KLF9",13.4017880692137
"MA0618.2","LBX1",9.82867646137221
"MA0700.3","LHX2",10.0484003644397
"MA1519.2","LHX5",10.953214412218
"MA0658.2","LHX6",10.5323192813071
"MA0701.3","LHX9",10.8381566870076
"MA0702.3","LMX1A",12.2333612382993
"MA0703.3","LMX1B",13.4447160924471
"MA1520.2","MAF",12.4620521111943
"MA0501.2","MAF::NFE2",16.5461678546226
"MA0841.2","NFE2",16.6289285692173
"MA1521.2","MAFA",12.1972371813732
"MA0495.4","MAFF",12.7671512466511
"MA0089.3","MAFG::NFE2L1",17.0944564648214
"MA0059.2","MAX::MYC",9.81082448364073
"MA0147.4","MYC",10.9571522124953
"MA1522.2","MAZ",13.6290723455541
"MA0052.5","MEF2A",11.8401982960044
"MA0497.2","MEF2C",13.2879652589088
"MA1639.2","MEIS1",11.6827756436935
"MA1640.2","MEIS2",11.4571359060497
"MA0775.2","MEIS3",8.83985560462033
"MA0661.2","MEOX1",9.3444348988704
"MA1960.2","MGA::EVX1",13.7933651106238
"MA0620.4","MITF",12.7221181253235
"MA0664.2","MLXIPL",11.8710620895105
"MA0825.2","MNT",10.5836868041559
"MA0707.3","MNX1",9.00272300794655
"MA1523.2","MSANTD3",8.28514514556489
"MA0666.3","MSX1",9.99817607912978
"MA0708.3","MSX2",9.70419290504437
"MA1108.3","MXI1",10.7291644188551
"MA0100.4","MYB",10.9721577196203
"MA0104.5","MYCN",11.5832343684793
"MA1641.2","MYF5",11.6793198354008
"MA0499.3","MYOD1",11.6357234812185
"MA0500.3","MYOG",11.599180360759
"MA0056.3","MZF1",11.1285189357865
"MA1109.2","NEUROD1",11.740596599878
"MA1642.2","NEUROG2",10.7775682955579
"MA0625.3","NFATC3",8.1135616638204
"MA1525.3","NFATC4",11.7396897959867
"MA0670.2","NFIA",11.9971740074589
"MA1643.2","NFIB",18.713070779743
"MA0161.3","NFIC",10.4960837516708
"MA1527.2","NFIC",18.1313327409363
"MA0025.3","NFIL3",11.318824782531
"MA1528.2","NFIX",15.6339547236602
"MA0778.2","NFKB2",16.1756956405487
"MA0060.4","NFYA",11.5337602931118
"MA0502.3","NFYB",11.913947478345
"MA1644.2","NFYC",10.0428742578523
"MA1529.2","NHLH2",17.9590803223833
"MA1645.2","NKX2-2",10.6422684860041
"MA0672.2","NKX2-3",10.6282719479366
"MA2003.2","NKX2-4",8.9255625206352
"MA0063.3","NKX2-5",10.1909462839861
"MA0673.2","NKX2-8",8.88329487760155
"MA0674.2","NKX6-1",9.0729287051786
"MA1530.2","NKX6-3",10.3809838959677
"MA0710.2","NOTO",9.38291224693657
"MA1531.2","NR1D1",18.9687154909841
"MA1146.2","NR1H4::RXRA",12.4548071835707
"MA1533.2","NR1I2",13.6307889682101
"MA1534.2","NR1I3",10.5117207981828
"MA1535.2","NR2C1",9.61236115018918
"MA0504.2","NR2C2",15.749096003762
"MA0017.3","NR2F1",13.1296763339564
"MA1537.2","NR2F1",20.0813690253375
"MA1111.2","NR2F2",10.9086956768003
"MA0113.4","NR3C1",18.9274296574016
"MA0727.2","NR3C2",18.7648721119741
"MA1112.3","NR4A1",11.9826261172228
"MA0160.3","NR4A2",11.0144167625819
"MA1147.2","NR4A2::RXRA",13.9016276128501
"MA1541.2","NR6A1",15.2716852076905
"MA0842.3","NRL",14.8362390934437
"MA0679.3","ONECUT1",13.2546499329738
"MA0757.2","ONECUT3",16.6997063846103
"MA1542.2","OSR1",12.20005734568
"MA1646.2","OSR2",10.1885940718724
"MA0711.2","OTX1",9.13128773207267
"MA0712.3","OTX2",10.3475344512397
"MA1544.2","OVOL1",14.5203250624084
"MA1545.2","OVOL2",11.9061115700822
"MA1961.2","PATZ1",14.1303161770433
"MA0067.3","PAX2",16.9488096479687
"MA1546.2","PAX3",14.5627426905153
"MA0070.2","PBX1",9.43288779300837
"MA1113.3","PBX2",11.7073107427921
"MA1114.2","PBX3",12.952244146958
"MA0132.3","PDX1",9.66370727614026
"MA0681.3","PHOX2B",14.4019919193493
"MA0714.2","PITX3",8.59043953948497
"MA0782.3","PKNOX1",12.2074210016105
"MA1548.2","PLAGL2",11.8944939749778
"MA0784.3","POU1F1",19.766657446082
"MA0785.2","POU2F1",11.5231265778211
"MA0507.3","POU2F2",17.930529683505
"MA0627.3","POU2F3",13.0682849150876
"MA0786.2","POU3F1",11.5398722615125
"MA0790.2","POU4F1",12.7031974131033
"MA0683.2","POU4F2",20.7066995594615
"MA0791.2","POU4F3",13.0962493066989
"MA1115.2","POU5F1",9.80696036962538
"MA0628.2","POU6F1",9.25283046857042
"MA1549.2","POU6F1",10.4362204804577
"MA0793.2","POU6F2",11.3980408932753
"MA1148.2","PPARA::RXRA",12.3232941464063
"MA1550.2","PPARD",20.0379460237395
"MA0066.2","PPARG",15.2790852013158
"MA0508.4","PRDM1",11.1557533778696
"MA1723.2","PRDM9",15.4603392158952
"MA0716.2","PRRX1",8.04796319969512
"MA0075.4","PRRX2",10.956430321608
"MA1149.2","RARA::RXRG",13.0080064429699
"MA1552.2","RARB",15.5918069515458
"MA1553.2","RARG",15.6372093681635
"MA0718.2","RAX",9.02559840086168
"MA1116.2","RBPJ",10.9587211780118
"MA1117.2","RELB",9.74964521039795
"MA0138.3","REST",22.724693471386
"MA0600.3","RFX2",19.8974428872707
"MA0799.3","RFX4",19.7814434222408
"MA0510.3","RFX5",20.0938139356332
"MA1554.2","RFX7",8.80106067345412
"MA0719.2","RHOXF1",8.10084398162495
"MA0072.2","RORA",13.3277480112458
"MA1150.2","RORB",9.24838735164769
"MA1151.2","RORC",9.68774554894153
"MA0073.2","RREB1",11.6745749749678
"MA0684.3","RUNX3",10.1667320276789
"MA1963.2","SATB1",11.9103708490388
"MA0743.3","SCRT1",13.2062349778753
"MA0744.3","SCRT2",12.6405211961391
"MA1118.2","SIX1",11.3869641132741
"MA1119.2","SIX2",12.4051259492415
"MA1964.2","SMAD2",10.5506386918483
"MA1558.2","SNAI1",10.7116753721016
"MA0745.3","SNAI2",12.5979310356078
"MA1559.2","SNAI3",13.182967131448
"MA1560.2","SOHLH2",11.0709333631404
"MA0442.3","SOX10",10.6409603017789
"MA1561.2","SOX12",13.1300359444095
"MA1120.2","SOX13",9.97079120221925
"MA1562.2","SOX14",12.3099961122559
"MA1152.2","SOX15",8.94305838467198
"MA0867.3","SOX4",10.8880496651914
"MA0868.3","SOX8",9.53346770724304
"MA0077.2","SOX9",8.03011998540528
"MA0746.3","SP3",14.6415666885141
"MA1965.2","SP5",11.5914358309662
"MA0747.2","SP8",11.2993818648605
"MA1564.2","SP9",11.2284340210256
"MA0081.3","SPIB",14.2784107721116
"MA0687.2","SPIC",12.657940501666
"MA0829.3","SREBF1",13.2864027450155
"MA0137.4","STAT1",14.0359128898545
"MA0517.2","STAT1::STAT2",15.5108895007969
"MA0144.3","STAT3",12.5764271127705
"MA0091.2","TAL1::TCF3",11.3668002523312
"MA0802.2","TBR1",12.1956361402086
"MA1565.2","TBX18",10.6814516628352
"MA0804.2","TBX19",16.9741716785561
"MA0688.2","TBX2",9.96238331625708
"MA1648.2","TCF12",9.53116470001698
"MA1568.2","TCF21",11.4871691098058
"MA0830.3","TCF4",10.6002685555989
"MA0769.3","TCF7",10.6108504704107
"MA0523.2","TCF7L2",12.7411529877954
"MA0632.3","TCFL5",11.1221890321959
"MA0090.4","TEAD1",12.4159077985339
"MA1121.2","TEAD2",10.3667190704521
"MA0809.3","TEAD4",11.3130329583436
"MA0810.2","TFAP2A",10.5176919023952
"MA0003.5","TFAP2A",11.4445382553503
"MA0811.2","TFAP2B",10.5606646774567
"MA0812.2","TFAP2B",12.1412662883379
"MA0524.3","TFAP2C",10.1551429512139
"MA0814.3","TFAP2C",11.357218502844
"MA1569.2","TFAP2E",11.6241793515294
"MA1966.2","TFAP4::ETV1",14.4527541942374
"MA1967.2","TFAP4::FLI1",20.8061606169247
"MA1968.2","TFCP2",11.2441754252689
"MA1122.2","TFDP1",10.896731821216
"MA0692.2","TFEB",10.7456092626291
"MA0871.3","TFEC",14.245184188396
"MA0597.3","THAP1",10.6458475317474
"MA1969.2","THRA",18.9913455946339
"MA1574.2","THRB",15.7969958316707
"MA1575.2","THRB",17.616188853325
"MA1576.2","THRB",20.9224176028432
"MA1577.2","TLX2",10.3201510286161
"MA0861.2","TP73",16.9249618491878
"MA1970.2","TRPS1",10.2082450027613
"MA1123.3","TWIST1",11.0879681488237
"MA0093.4","USF1",12.8434448339427
"MA0526.5","USF2",16.0404324135181
"MA1578.2","VEZF1",10.6037423321415
"MA0725.2","VSX1",8.06102162725241
"MA0726.2","VSX2",9.15835253481659
"MA0844.2","XBP1",14.736838539791
"MA0748.3","YY2",10.3673965372019
"MA0749.2","ZBED1",18.7495033396818
"MA1971.2","ZBED2",10.3391926098457
"MA1649.2","ZBTB12",10.0047873159298
"MA1650.2","ZBTB14",11.1965003647953
"MA0698.2","ZBTB18",15.3216582236687
"MA1579.2","ZBTB26",11.3378325587512
"MA0527.2","ZBTB33",12.9290556983456
"MA1581.2","ZBTB6",11.870091396987
"MA0750.3","ZBTB7A",11.1338201685803
"MA0694.2","ZBTB7B",13.4150783895048
"MA0695.2","ZBTB7C",9.64132254288811
"MA0103.4","ZEB1",10.5892612569977
"MA1651.2","ZFP42",15.2084693755555
"MA1583.2","ZFP57",11.2683769388972
"MA0751.2","ZIC4",13.4518934555612
"MA1584.2","ZIC5",18.9629108143275
"MA1709.2","ZIM3",15.0471177801386
"MA1585.2","ZKSCAN1",13.2397518762878
"MA1973.2","ZKSCAN3",16.5924710707852
"MA1652.2","ZKSCAN5",13.0001294029522
"MA1589.2","ZNF140",22.3467385082089
"MA1653.2","ZNF148",13.3001876204742
"MA1654.2","ZNF16",24.2958697915713
"MA1725.2","ZNF189",12.0352467059618
"MA1974.2","ZNF211",14.3044097420278
"MA1975.2","ZNF214",13.3171325377822
"MA1710.2","ZNF257",13.2226187186327
"MA0528.3","ZNF263",11.0353915490101
"MA1592.2","ZNF274",16.5367713077309
"MA1630.3","ZNF281",16.3801575554281
"MA1154.2","ZNF282",19.9033460361002
"MA1593.2","ZNF317",11.2735747014926
"MA1976.2","ZNF320",17.9936990634159
"MA1977.2","ZNF324",15.7098613909125
"MA1726.2","ZNF331",12.9214121549492
"MA1655.2","ZNF341",10.5387092826484
"MA1711.2","ZNF343",19.2556711053775
"MA1978.2","ZNF354A",11.6294911958998
"MA1125.2","ZNF384",12.6727551614488
"MA0752.2","ZNF410",24.3418510465044
"MA1979.2","ZNF416",12.5107809195263
"MA1727.2","ZNF417",12.8630211396864
"MA1656.2","ZNF449",13.1167182184974
"MA1712.2","ZNF454",14.8189125248174
"MA1981.2","ZNF530",16.4574801592695
"MA1728.2","ZNF549",10.9673239769254
"MA1982.2","ZNF574",15.1877386099192
"MA1983.2","ZNF582",21.9035430800559
"MA1713.2","ZNF610",13.519062119401
"MA1657.2","ZNF652",12.4100466206827
"MA1984.2","ZNF667",12.2305000955587
"MA1714.2","ZNF675",16.7277385053711
"MA1729.2","ZNF680",15.3452817961489
"MA1599.2","ZNF682",14.3489973403904
"MA1600.2","ZNF684",19.9120364798027
"MA1986.2","ZNF692",12.0929348438921
"MA1987.2","ZNF701",16.1910597745
"MA1730.2","ZNF708",13.8626445869641
"MA0753.3","ZNF740",14.3500320873139
"MA1716.2","ZNF76",18.7092754380633
"MA1731.2","ZNF768",12.0528624546164
"MA1717.2","ZNF784",11.7889424191285
"MA1719.2","ZNF816",15.9269733099274
"MA1720.2","ZNF85",14.8975885479139
"MA1721.2","ZNF93",15.4652515602927
"MA1602.2","ZSCAN29",14.6322064285248
"MA1722.2","ZSCAN31",24.671201334407
